day,date,place,weight_kg,phase,waist_cm,chest_cm,neck_cm,R_thigh_cm,R_calf_cm,L_thigh_cm,L_calf_cm,R_arm_cm,R_forearm_cm,L_arm_cm,L_forearm_cm
Wed,2022-01-26,Berlin,72.3,bulk,NA,NA,NA,NA,NA,NA,NA,NA,NA,NA,NA
Thu,2022-01-27,Berlin,71.9,bulk,NA,NA,NA,NA,NA,NA,NA,NA,NA,NA,NA
Fri,2022-01-28,Berlin,72,bulk,NA,NA,NA,NA,NA,NA,NA,NA,NA,NA,NA
Sat,2022-01-29,Berlin,72.4,bulk,NA,NA,NA,NA,NA,NA,NA,NA,NA,NA,NA
Sun,2022-01-30,Berlin,72.2,bulk,76.5,108.2,NA,52.5,36.3,52.8,36.7,36.5,29.1,35.5,29.3
Mon,2022-01-31,Berlin,72.3,bulk,NA,NA,NA,NA,NA,NA,NA,NA,NA,NA,NA
Tue,2022-02-01,Berlin,72.4,bulk,NA,NA,NA,NA,NA,NA,NA,NA,NA,NA,NA
Wed,2022-02-02,Berlin,72.7,bulk,NA,NA,NA,NA,NA,NA,NA,NA,NA,NA,NA
Thu,2022-02-03,Berlin,71.6,bulk,NA,NA,NA,NA,NA,NA,NA,NA,NA,NA,NA
Fri,2022-02-04,Berlin,72.4,bulk,NA,NA,NA,NA,NA,NA,NA,NA,NA,NA,NA
Sat,2022-02-05,Berlin,72.7,bulk,NA,NA,NA,NA,NA,NA,NA,NA,NA,NA,NA
Sun,2022-02-06,Berlin,72.7,bulk,77,109.5,NA,53.2,36.7,53.3,36.9,36.7,29.5,35.3,29.3
Mon,2022-02-07,Berlin,73,bulk,NA,NA,NA,NA,NA,NA,NA,NA,NA,NA,NA
Tue,2022-02-08,Berlin,72.2,bulk,NA,NA,NA,NA,NA,NA,NA,NA,NA,NA,NA
Wed,2022-02-09,Berlin,72.2,bulk,NA,NA,NA,NA,NA,NA,NA,NA,NA,NA,NA
Thu,2022-02-10,Berlin,72.5,bulk,NA,NA,NA,NA,NA,NA,NA,NA,NA,NA,NA
Fri,2022-02-11,Berlin,72.2,bulk,NA,NA,NA,NA,NA,NA,NA,NA,NA,NA,NA
Sat,2022-02-12,Jestrabi,72.4,bulk,NA,NA,NA,NA,NA,NA,NA,NA,NA,NA,NA
Sun,2022-02-13,Jestrabi,72.6,bulk,76.5,108.7,NA,53.2,36.6,54.1,36.7,36.1,29,35.6,29.3
Mon,2022-02-14,Jestrabi,72.8,bulk,NA,NA,NA,NA,NA,NA,NA,NA,NA,NA,NA
Tue,2022-02-15,Berlin,72.4,bulk,NA,NA,NA,NA,NA,NA,NA,NA,NA,NA,NA
Wed,2022-02-16,Berlin,71.9,bulk,NA,NA,NA,NA,NA,NA,NA,NA,NA,NA,NA
Thu,2022-02-17,Berlin,72.2,bulk,NA,NA,NA,NA,NA,NA,NA,NA,NA,NA,NA
Fri,2022-02-18,Berlin,72.7,bulk,NA,NA,NA,NA,NA,NA,NA,NA,NA,NA,NA
Sat,2022-02-19,Berlin,72.6,bulk,NA,NA,NA,NA,NA,NA,NA,NA,NA,NA,NA
Sun,2022-02-20,Berlin,73.3,bulk,78.2,109.8,NA,53.3,36.6,54.2,36.4,36.5,29.6,35.7,29.4
Mon,2022-02-21,Berlin,73.2,bulk,NA,NA,NA,NA,NA,NA,NA,NA,NA,NA,NA
Tue,2022-02-22,Berlin,73.1,bulk,NA,NA,NA,NA,NA,NA,NA,NA,NA,NA,NA
Wed,2022-02-23,Berlin,73.3,bulk,NA,NA,NA,NA,NA,NA,NA,NA,NA,NA,NA
Thu,2022-02-24,Berlin,73,bulk,NA,NA,NA,NA,NA,NA,NA,NA,NA,NA,NA
Fri,2022-02-25,Berlin,73.1,bulk,NA,NA,NA,NA,NA,NA,NA,NA,NA,NA,NA
Sat,2022-02-26,Berlin,72.6,bulk,NA,NA,NA,NA,NA,NA,NA,NA,NA,NA,NA
Sun,2022-02-27,Berlin,72.5,bulk,77.1,108.9,NA,53.4,36.6,53.4,36.7,36.4,29.4,35.5,29.2
Mon,2022-02-28,Berlin,72.2,bulk,NA,NA,NA,NA,NA,NA,NA,NA,NA,NA,NA
Tue,2022-03-01,Berlin,72.7,bulk,NA,NA,NA,NA,NA,NA,NA,NA,NA,NA,NA
Wed,2022-03-02,Berlin,73.6,bulk,NA,NA,NA,NA,NA,NA,NA,NA,NA,NA,NA
Thu,2022-03-03,Berlin,73.3,bulk,NA,NA,NA,NA,NA,NA,NA,NA,NA,NA,NA
Fri,2022-03-04,Berlin,73.2,bulk,NA,NA,NA,NA,NA,NA,NA,NA,NA,NA,NA
Sat,2022-03-05,Berlin,73.6,bulk,NA,NA,NA,NA,NA,NA,NA,NA,NA,NA,NA
Sun,2022-03-06,Berlin,74.4,bulk,79.1,109.9,NA,53.5,36.9,54.4,37.1,36.7,29.6,35.8,29.6
Mon,2022-03-07,Wurzburg,NA,bulk,NA,NA,NA,NA,NA,NA,NA,NA,NA,NA,NA
Tue,2022-03-08,Wurzburg,NA,bulk,NA,NA,NA,NA,NA,NA,NA,NA,NA,NA,NA
Wed,2022-03-09,Wurzburg,NA,bulk,NA,NA,NA,NA,NA,NA,NA,NA,NA,NA,NA
Thu,2022-03-10,Wurzburg,NA,bulk,NA,NA,NA,NA,NA,NA,NA,NA,NA,NA,NA
Fri,2022-03-11,Berlin,74.7,bulk,NA,NA,NA,NA,NA,NA,NA,NA,NA,NA,NA
Sat,2022-03-12,Berlin,73.8,bulk,NA,NA,NA,NA,NA,NA,NA,NA,NA,NA,NA
Sun,2022-03-13,Berlin,73.7,bulk,79.1,110.3,NA,53.6,36.7,54.6,36.7,36.8,29.5,35.9,29.4
Mon,2022-03-14,Berlin,73.7,bulk,NA,NA,NA,NA,NA,NA,NA,NA,NA,NA,NA
Tue,2022-03-15,Berlin,73.2,bulk,NA,NA,NA,NA,NA,NA,NA,NA,NA,NA,NA
Wed,2022-03-16,Berlin,72.7,bulk,NA,NA,NA,NA,NA,NA,NA,NA,NA,NA,NA
Thu,2022-03-17,Berlin,73.7,bulk,NA,NA,NA,NA,NA,NA,NA,NA,NA,NA,NA
Fri,2022-03-18,Berlin,73.5,bulk,NA,NA,NA,NA,NA,NA,NA,NA,NA,NA,NA
Sat,2022-03-19,Berlin,73.5,bulk,NA,NA,NA,NA,NA,NA,NA,NA,NA,NA,NA
Sun,2022-03-20,Berlin,73.4,bulk,78.5,109.6,NA,53.4,36.4,54.5,36.1,36.6,29.6,35.7,29.4
Mon,2022-03-21,Berlin,72.8,bulk,NA,NA,NA,NA,NA,NA,NA,NA,NA,NA,NA
Tue,2022-03-22,Berlin,72.8,bulk,NA,NA,NA,NA,NA,NA,NA,NA,NA,NA,NA
Wed,2022-03-23,Berlin,73.3,bulk,NA,NA,NA,NA,NA,NA,NA,NA,NA,NA,NA
Thu,2022-03-24,Berlin,73.2,bulk,NA,NA,NA,NA,NA,NA,NA,NA,NA,NA,NA
Fri,2022-03-25,Berlin,73.1,bulk,NA,NA,NA,NA,NA,NA,NA,NA,NA,NA,NA
Sat,2022-03-26,Berlin,73,bulk,NA,NA,NA,NA,NA,NA,NA,NA,NA,NA,NA
Sun,2022-03-27,Berlin,73.4,bulk,77.8,108.5,NA,53.6,36.3,55,36.3,36.5,29.7,35.8,29.5
Mon,2022-03-28,Berlin,72.9,bulk,NA,NA,NA,NA,NA,NA,NA,NA,NA,NA,NA
Tue,2022-03-29,Berlin,73.3,bulk,NA,NA,NA,NA,NA,NA,NA,NA,NA,NA,NA
Wed,2022-03-30,Berlin,72.9,bulk,NA,NA,NA,NA,NA,NA,NA,NA,NA,NA,NA
Thu,2022-03-31,Berlin,74,bulk,NA,NA,NA,NA,NA,NA,NA,NA,NA,NA,NA
Fri,2022-04-01,Berlin,74.3,bulk,NA,NA,NA,NA,NA,NA,NA,NA,NA,NA,NA
Sat,2022-04-02,Jestrabi,73.8,bulk,NA,NA,NA,NA,NA,NA,NA,NA,NA,NA,NA
Sun,2022-04-03,Jestrabi,74.4,bulk,79,109.1,NA,53.4,36.5,54.6,36.4,36.5,29.4,35.4,29.3
Mon,2022-04-04,Jestrabi,74.3,bulk,NA,NA,NA,NA,NA,NA,NA,NA,NA,NA,NA
Tue,2022-04-05,Jestrabi,73.7,bulk,NA,NA,NA,NA,NA,NA,NA,NA,NA,NA,NA
Wed,2022-04-06,Jestrabi,73.4,bulk,NA,NA,NA,NA,NA,NA,NA,NA,NA,NA,NA
Thu,2022-04-07,Jestrabi,73.8,bulk,NA,NA,NA,NA,NA,NA,NA,NA,NA,NA,NA
Fri,2022-04-08,Jestrabi,74.4,bulk,NA,NA,NA,NA,NA,NA,NA,NA,NA,NA,NA
Sat,2022-04-09,Jestrabi,74.3,bulk,NA,NA,NA,NA,NA,NA,NA,NA,NA,NA,NA
Sun,2022-04-10,Jestrabi,73.6,bulk,78,109.6,NA,53.7,36.4,53.9,36.3,36.4,29.1,35.4,29.2
Mon,2022-04-11,Jestrabi,74.2,bulk,NA,NA,NA,NA,NA,NA,NA,NA,NA,NA,NA
Tue,2022-04-12,Prague,NA,bulk,NA,NA,NA,NA,NA,NA,NA,NA,NA,NA,NA
Wed,2022-04-13,Prague,73.1,bulk,NA,NA,NA,NA,NA,NA,NA,NA,NA,NA,NA
Thu,2022-04-14,Prague,73.1,bulk,NA,NA,NA,NA,NA,NA,NA,NA,NA,NA,NA
Fri,2022-04-15,Prague,72.9,bulk,NA,NA,NA,NA,NA,NA,NA,NA,NA,NA,NA
Sat,2022-04-16,Jestrabi,74.2,bulk,NA,NA,NA,NA,NA,NA,NA,NA,NA,NA,NA
Sun,2022-04-17,Jestrabi,74,bulk,79.2,111.2,NA,53.4,36.7,54.3,36.8,36.2,29.6,35.3,29.3
Mon,2022-04-18,Jestrabi,74.2,bulk,NA,NA,NA,NA,NA,NA,NA,NA,NA,NA,NA
Tue,2022-04-19,Jestrabi,75.2,bulk,NA,NA,NA,NA,NA,NA,NA,NA,NA,NA,NA
Wed,2022-04-20,Prague,74,bulk,NA,NA,NA,NA,NA,NA,NA,NA,NA,NA,NA
Thu,2022-04-21,Prague,73.6,bulk,NA,NA,NA,NA,NA,NA,NA,NA,NA,NA,NA
Fri,2022-04-22,Prague,73.5,bulk,NA,NA,NA,NA,NA,NA,NA,NA,NA,NA,NA
Sat,2022-04-23,Jestrabi,74.9,bulk,NA,NA,NA,NA,NA,NA,NA,NA,NA,NA,NA
Sun,2022-04-24,Jestrabi,75.3,bulk,79.3,110.6,NA,53.5,36.8,55.6,36.9,36.3,29.1,35.4,29.1
Mon,2022-04-25,Jestrabi,74.5,bulk,NA,NA,NA,NA,NA,NA,NA,NA,NA,NA,NA
Tue,2022-04-26,Prague,74.4,bulk,NA,NA,NA,NA,NA,NA,NA,NA,NA,NA,NA
Wed,2022-04-27,Prague,73.8,bulk,NA,NA,NA,NA,NA,NA,NA,NA,NA,NA,NA
Thu,2022-04-28,Prague,73.2,bulk,NA,NA,NA,NA,NA,NA,NA,NA,NA,NA,NA
Fri,2022-04-29,Prague,74.4,bulk,NA,NA,NA,NA,NA,NA,NA,NA,NA,NA,NA
Sat,2022-04-30,Jestrabi,75,bulk,NA,NA,NA,NA,NA,NA,NA,NA,NA,NA,NA
Sun,2022-05-01,Jestrabi,75.1,bulk,79.5,110.6,NA,53.8,37.1,56,37,36.8,29.1,35.7,29.2
Mon,2022-05-02,Jestrabi,74.7,bulk,NA,NA,NA,NA,NA,NA,NA,NA,NA,NA,NA
Tue,2022-05-03,Jestrabi,74.6,bulk,NA,NA,NA,NA,NA,NA,NA,NA,NA,NA,NA
Wed,2022-05-04,Prague,73.1,bulk,NA,NA,NA,NA,NA,NA,NA,NA,NA,NA,NA
Thu,2022-05-05,Prague,73.3,bulk,NA,NA,NA,NA,NA,NA,NA,NA,NA,NA,NA
Fri,2022-05-06,Prague,74.2,bulk,NA,NA,NA,NA,NA,NA,NA,NA,NA,NA,NA
Sat,2022-05-07,Jestrabi,75.5,bulk,NA,NA,NA,NA,NA,NA,NA,NA,NA,NA,NA
Sun,2022-05-08,Jestrabi,75.6,bulk,79.7,110.6,NA,54.3,37.1,56,37.1,36.8,29.2,35.9,29.3
Mon,2022-05-09,Jestrabi,75.5,bulk,NA,NA,NA,NA,NA,NA,NA,NA,NA,NA,NA
Tue,2022-05-10,Jestrabi,75.4,bulk,NA,NA,NA,NA,NA,NA,NA,NA,NA,NA,NA
Wed,2022-05-11,Prague,73.9,bulk,NA,NA,NA,NA,NA,NA,NA,NA,NA,NA,NA
Thu,2022-05-12,Prague,74.9,bulk,NA,NA,NA,NA,NA,NA,NA,NA,NA,NA,NA
Fri,2022-05-13,Prague,75.1,bulk,NA,NA,NA,NA,NA,NA,NA,NA,NA,NA,NA
Sat,2022-05-14,Jestrabi,75.6,bulk,NA,NA,NA,NA,NA,NA,NA,NA,NA,NA,NA
Sun,2022-05-15,Jestrabi,75.8,bulk,79.8,110.1,NA,54.1,37,56.4,37.1,36.8,29.4,36,29.4
Mon,2022-05-16,Jestrabi,75.8,bulk,NA,NA,NA,NA,NA,NA,NA,NA,NA,NA,NA
Tue,2022-05-17,Prague,75.8,bulk,NA,NA,NA,NA,NA,NA,NA,NA,NA,NA,NA
Wed,2022-05-18,Prague,75.2,bulk,NA,NA,NA,NA,NA,NA,NA,NA,NA,NA,NA
Thu,2022-05-19,Prague,75.8,bulk,NA,NA,NA,NA,NA,NA,NA,NA,NA,NA,NA
Fri,2022-05-20,Prague,76,bulk,NA,NA,NA,NA,NA,NA,NA,NA,NA,NA,NA
Sat,2022-05-21,Jestrabi,76.3,bulk,NA,NA,NA,NA,NA,NA,NA,NA,NA,NA,NA
Sun,2022-05-22,Jestrabi,76.2,bulk,79.2,110.6,NA,54.3,37.1,55.8,37,36.8,29.6,35.8,29.3
Mon,2022-05-23,Jestrabi,76.2,bulk,NA,NA,NA,NA,NA,NA,NA,NA,NA,NA,NA
Tue,2022-05-24,Jestrabi,75.4,bulk,NA,NA,NA,NA,NA,NA,NA,NA,NA,NA,NA
Wed,2022-05-25,Prague,74.7,bulk,NA,NA,NA,NA,NA,NA,NA,NA,NA,NA,NA
Thu,2022-05-26,Prague,75.3,bulk,NA,NA,NA,NA,NA,NA,NA,NA,NA,NA,NA
Fri,2022-05-27,Prague,76.3,bulk,NA,NA,NA,NA,NA,NA,NA,NA,NA,NA,NA
Sat,2022-05-28,Jestrabi,76.8,bulk,NA,NA,NA,NA,NA,NA,NA,NA,NA,NA,NA
Sun,2022-05-29,Vresovice,NA,maintain,NA,NA,NA,NA,NA,NA,NA,NA,NA,NA,NA
Mon,2022-05-30,Jestrabi,76.9,maintain,NA,NA,NA,NA,NA,NA,NA,NA,NA,NA,NA
Tue,2022-05-31,Jestrabi,76.1,maintain,NA,NA,NA,NA,NA,NA,NA,NA,NA,NA,NA
Wed,2022-06-01,Prague,76.1,maintain,NA,NA,NA,NA,NA,NA,NA,NA,NA,NA,NA
Thu,2022-06-02,Prague,76.1,maintain,NA,NA,NA,NA,NA,NA,NA,NA,NA,NA,NA
Fri,2022-06-03,Prague,76,maintain,NA,NA,NA,NA,NA,NA,NA,NA,NA,NA,NA
Sat,2022-06-04,Jestrabi,76.4,cut,NA,NA,NA,NA,NA,NA,NA,NA,NA,NA,NA
Sun,2022-06-05,Jestrabi,76.1,cut,80.2,110.8,NA,54.1,37.1,55.2,37.2,36.4,29.3,35.6,29.6
Mon,2022-06-06,Jestrabi,75.3,cut,NA,NA,NA,NA,NA,NA,NA,NA,NA,NA,NA
Tue,2022-06-07,Jestrabi,75.3,cut,NA,NA,NA,NA,NA,NA,NA,NA,NA,NA,NA
Wed,2022-06-08,Jestrabi,74.7,cut,NA,NA,NA,NA,NA,NA,NA,NA,NA,NA,NA
Thu,2022-06-09,Prague,74.1,cut,NA,NA,NA,NA,NA,NA,NA,NA,NA,NA,NA
Fri,2022-06-10,Prague,74,cut,NA,NA,NA,NA,NA,NA,NA,NA,NA,NA,NA
Sat,2022-06-11,Jestrabi,74.9,cut,NA,NA,NA,NA,NA,NA,NA,NA,NA,NA,NA
Sun,2022-06-12,Jestrabi,74.4,cut,79.5,110.6,NA,54.5,36.9,54.6,37.1,36.7,29.1,35.9,29.3
Mon,2022-06-13,Jestrabi,74.2,cut,NA,NA,NA,NA,NA,NA,NA,NA,NA,NA,NA
Tue,2022-06-14,Prague,74,cut,NA,NA,NA,NA,NA,NA,NA,NA,NA,NA,NA
Wed,2022-06-15,Prague,73.9,cut,NA,NA,NA,NA,NA,NA,NA,NA,NA,NA,NA
Thu,2022-06-16,Prague,73.2,cut,NA,NA,NA,NA,NA,NA,NA,NA,NA,NA,NA
Fri,2022-06-17,Prague,74.1,cut,NA,NA,NA,NA,NA,NA,NA,NA,NA,NA,NA
Sat,2022-06-18,Jestrabi,74.2,cut,NA,NA,NA,NA,NA,NA,NA,NA,NA,NA,NA
Sun,2022-06-19,Jestrabi,74.2,cut,79.5,110.5,NA,53.5,36.8,54,37.1,36.5,29,35.8,29
Mon,2022-06-20,Jestrabi,73.8,cut,NA,NA,NA,NA,NA,NA,NA,NA,NA,NA,NA
Tue,2022-06-21,Prague,73.3,cut,NA,NA,NA,NA,NA,NA,NA,NA,NA,NA,NA
Wed,2022-06-22,Prague,73.7,cut,NA,NA,NA,NA,NA,NA,NA,NA,NA,NA,NA
Thu,2022-06-23,Prague,72.9,cut,NA,NA,NA,NA,NA,NA,NA,NA,NA,NA,NA
Fri,2022-06-24,Prague,72.8,cut,NA,NA,NA,NA,NA,NA,NA,NA,NA,NA,NA
Sat,2022-06-25,Jestrabi,73.6,cut,NA,NA,NA,NA,NA,NA,NA,NA,NA,NA,NA
Sun,2022-06-26,Jestrabi,74.2,cut,78.8,111,NA,53.2,37.2,55.2,36.5,36.5,29,35.8,29.3
Mon,2022-06-27,Jestrabi,73.2,cut,NA,NA,NA,NA,NA,NA,NA,NA,NA,NA,NA
Tue,2022-06-28,Jestrabi,73.8,cut,NA,NA,NA,NA,NA,NA,NA,NA,NA,NA,NA
Wed,2022-06-29,Prague,73.4,cut,NA,NA,NA,NA,NA,NA,NA,NA,NA,NA,NA
Thu,2022-06-30,Prague,72.6,cut,NA,NA,NA,NA,NA,NA,NA,NA,NA,NA,NA
Fri,2022-07-01,Prague,72.5,cut,NA,NA,NA,NA,NA,NA,NA,NA,NA,NA,NA
Sat,2022-07-02,Jestrabi,72.7,cut,NA,NA,NA,NA,NA,NA,NA,NA,NA,NA,NA
Sun,2022-07-03,Jestrabi,73.4,cut,77.5,110.1,NA,53.1,36.8,54.6,36.8,36.1,28.5,35.2,29
Mon,2022-07-04,Jestrabi,72.3,cut,NA,NA,NA,NA,NA,NA,NA,NA,NA,NA,NA
Tue,2022-07-05,Jestrabi,72.7,cut,NA,NA,NA,NA,NA,NA,NA,NA,NA,NA,NA
Wed,2022-07-06,Jestrabi,72.6,cut,NA,NA,NA,NA,NA,NA,NA,NA,NA,NA,NA
Thu,2022-07-07,Jestrabi,72.2,cut,NA,NA,NA,NA,NA,NA,NA,NA,NA,NA,NA
Fri,2022-07-08,Jestrabi,72.2,cut,NA,NA,NA,NA,NA,NA,NA,NA,NA,NA,NA
Sat,2022-07-09,Jestrabi,71.8,cut,NA,NA,NA,NA,NA,NA,NA,NA,NA,NA,NA
Sun,2022-07-10,Jestrabi,72.6,cut,77.1,109.3,NA,52.3,36.2,53.4,36.5,36.1,28.5,35.2,28.8
Mon,2022-07-11,Jestrabi,72.7,cut,NA,NA,NA,NA,NA,NA,NA,NA,NA,NA,NA
Tue,2022-07-12,Jestrabi,72.4,cut,NA,NA,NA,NA,NA,NA,NA,NA,NA,NA,NA
Wed,2022-07-13,Jestrabi,71.9,cut,NA,NA,NA,NA,NA,NA,NA,NA,NA,NA,NA
Thu,2022-07-14,Jestrabi,71.2,cut,NA,NA,NA,NA,NA,NA,NA,NA,NA,NA,NA
Fri,2022-07-15,Jestrabi,71.2,cut,NA,NA,NA,NA,NA,NA,NA,NA,NA,NA,NA
Sat,2022-07-16,Jestrabi,71.3,cut,NA,NA,NA,NA,NA,NA,NA,NA,NA,NA,NA
Sun,2022-07-17,Jestrabi,71.4,cut,76.8,109.2,NA,52.2,36.4,52.7,36.4,36.2,28.6,35,29
Mon,2022-07-18,Jestrabi,70.8,cut,NA,NA,NA,NA,NA,NA,NA,NA,NA,NA,NA
Tue,2022-07-19,Jestrabi,71.5,cut,NA,NA,NA,NA,NA,NA,NA,NA,NA,NA,NA
Wed,2022-07-20,Jestrabi,71.4,cut,NA,NA,NA,NA,NA,NA,NA,NA,NA,NA,NA
Thu,2022-07-21,Prague,70.7,cut,NA,NA,NA,NA,NA,NA,NA,NA,NA,NA,NA
Fri,2022-07-22,Prague,70.7,cut,NA,NA,NA,NA,NA,NA,NA,NA,NA,NA,NA
Sat,2022-07-23,Jestrabi,71.8,cut,NA,NA,NA,NA,NA,NA,NA,NA,NA,NA,NA
Sun,2022-07-24,Jestrabi,71.2,cut,75.5,109.2,NA,51.9,36.5,52.5,36.3,36.1,28.8,35.1,28.8
Mon,2022-07-25,Jestrabi,70.9,cut,NA,NA,NA,NA,NA,NA,NA,NA,NA,NA,NA
Tue,2022-07-26,Jestrabi,70.6,cut,NA,NA,NA,NA,NA,NA,NA,NA,NA,NA,NA
Wed,2022-07-27,Jestrabi,70.7,cut,NA,NA,NA,NA,NA,NA,NA,NA,NA,NA,NA
Thu,2022-07-28,Jestrabi,70.8,cut,NA,NA,NA,NA,NA,NA,NA,NA,NA,NA,NA
Fri,2022-07-29,Jestrabi,70.4,cut,NA,NA,NA,NA,NA,NA,NA,NA,NA,NA,NA
Sat,2022-07-30,Jestrabi,70.5,cut,NA,NA,NA,NA,NA,NA,NA,NA,NA,NA,NA
Sun,2022-07-31,Jestrabi,71.5,cut,75.6,108.2,NA,50.7,35.9,51.8,36.2,36,28.5,35,28.8
Mon,2022-08-01,Jestrabi,70.3,cut,NA,NA,NA,NA,NA,NA,NA,NA,NA,NA,NA
Tue,2022-08-02,Prague,70.4,cut,NA,NA,NA,NA,NA,NA,NA,NA,NA,NA,NA
Wed,2022-08-03,Prague,69.9,cut,NA,NA,NA,NA,NA,NA,NA,NA,NA,NA,NA
Thu,2022-08-04,Prague,69.4,cut,NA,NA,NA,NA,NA,NA,NA,NA,NA,NA,NA
Fri,2022-08-05,Prague,69.9,cut,NA,NA,NA,NA,NA,NA,NA,NA,NA,NA,NA
Sat,2022-08-06,Jestrabi,70,maintain,NA,NA,NA,NA,NA,NA,NA,NA,NA,NA,NA
Sun,2022-08-07,Jestrabi,70.3,maintain,75.2,108.5,NA,50.5,35.9,52,36.2,35.7,28.6,35.1,28.8
Mon,2022-08-08,Jestrabi,69.5,maintain,NA,NA,NA,NA,NA,NA,NA,NA,NA,NA,NA
Tue,2022-08-09,Prague,69.3,maintain,NA,NA,NA,NA,NA,NA,NA,NA,NA,NA,NA
Wed,2022-08-10,Prague,69.3,maintain,NA,NA,NA,NA,NA,NA,NA,NA,NA,NA,NA
Thu,2022-08-11,Jestrabi,69.6,maintain,NA,NA,NA,NA,NA,NA,NA,NA,NA,NA,NA
Fri,2022-08-12,Jestrabi,69.5,maintain,NA,NA,NA,NA,NA,NA,NA,NA,NA,NA,NA
Sat,2022-08-13,Jestrabi,69.1,maintain,NA,NA,NA,NA,NA,NA,NA,NA,NA,NA,NA
Sun,2022-08-14,Jestrabi,69.8,maintain,74,108,NA,50.3,35.9,51.1,35.7,35.8,28.5,35.2,28.8
Mon,2022-08-15,Jestrabi,69.4,maintain,NA,NA,NA,NA,NA,NA,NA,NA,NA,NA,NA
Tue,2022-08-16,Jestrabi,69,maintain,NA,NA,NA,NA,NA,NA,NA,NA,NA,NA,NA
Wed,2022-08-17,Jestrabi,68.4,maintain,NA,NA,NA,NA,NA,NA,NA,NA,NA,NA,NA
Thu,2022-08-18,Jestrabi,68.3,maintain,NA,NA,NA,NA,NA,NA,NA,NA,NA,NA,NA
Fri,2022-08-19,Jestrabi,69,maintain,NA,NA,NA,NA,NA,NA,NA,NA,NA,NA,NA
Sat,2022-08-20,Jestrabi,69.1,maintain,NA,NA,NA,NA,NA,NA,NA,NA,NA,NA,NA
Sun,2022-08-21,Jestrabi,69.2,maintain,73.5,108.8,NA,50.2,35.9,51,35.9,35.6,28.8,34.9,29
Mon,2022-08-22,Jestrabi,69.7,maintain,NA,NA,NA,NA,NA,NA,NA,NA,NA,NA,NA
Tue,2022-08-23,Jestrabi,69.5,maintain,NA,NA,NA,NA,NA,NA,NA,NA,NA,NA,NA
Wed,2022-08-24,Jestrabi,69,maintain,NA,NA,NA,NA,NA,NA,NA,NA,NA,NA,NA
Thu,2022-08-25,Jestrabi,69.5,maintain,NA,NA,NA,NA,NA,NA,NA,NA,NA,NA,NA
Fri,2022-08-26,Jestrabi,69.3,maintain,NA,NA,NA,NA,NA,NA,NA,NA,NA,NA,NA
Sat,2022-08-27,Jestrabi,68.4,maintain,NA,NA,NA,NA,NA,NA,NA,NA,NA,NA,NA
Sun,2022-08-28,Jestrabi,69.3,maintain,73.5,108.4,NA,50.2,35.7,50.6,35.5,35.6,28.6,35.1,28.8
Mon,2022-08-29,Jestrabi,69.4,maintain,NA,NA,NA,NA,NA,NA,NA,NA,NA,NA,NA
Tue,2022-08-30,Jestrabi,69.4,maintain,NA,NA,NA,NA,NA,NA,NA,NA,NA,NA,NA
Wed,2022-08-31,Prague,69.3,maintain,NA,NA,NA,NA,NA,NA,NA,NA,NA,NA,NA
Thu,2022-09-01,Prague,69.4,maintain,NA,NA,NA,NA,NA,NA,NA,NA,NA,NA,NA
Fri,2022-09-02,Prague,69.4,maintain,NA,NA,NA,NA,NA,NA,NA,NA,NA,NA,NA
Sat,2022-09-03,Jestrabi,69.4,bulk,NA,NA,NA,NA,NA,NA,NA,NA,NA,NA,NA
Sun,2022-09-04,Jestrabi,69.3,bulk,NA,NA,NA,NA,NA,NA,NA,NA,NA,NA,NA
Mon,2022-09-05,Jestrabi,69.3,bulk,NA,NA,NA,NA,NA,NA,NA,NA,NA,NA,NA
Tue,2022-09-06,Jestrabi,69.1,bulk,NA,NA,NA,NA,NA,NA,NA,NA,NA,NA,NA
Wed,2022-09-07,Jestrabi,69.1,bulk,NA,NA,NA,NA,NA,NA,NA,NA,NA,NA,NA
Thu,2022-09-08,Prague,69.1,bulk,NA,NA,NA,NA,NA,NA,NA,NA,NA,NA,NA
Fri,2022-09-09,Prague,68.8,bulk,NA,NA,NA,NA,NA,NA,NA,NA,NA,NA,NA
Sat,2022-09-10,Jestrabi,68.8,bulk,NA,NA,NA,NA,NA,NA,NA,NA,NA,NA,NA
Sun,2022-09-11,Jestrabi,69.1,bulk,NA,NA,NA,NA,NA,NA,NA,NA,NA,NA,NA
Mon,2022-09-12,Jestrabi,69.4,bulk,NA,NA,NA,NA,NA,NA,NA,NA,NA,NA,NA
Tue,2022-09-13,Jestrabi,69,bulk,NA,NA,NA,NA,NA,NA,NA,NA,NA,NA,NA
Wed,2022-09-14,Jestrabi,69.2,bulk,NA,NA,NA,NA,NA,NA,NA,NA,NA,NA,NA
Thu,2022-09-15,Prague,68.6,bulk,NA,NA,NA,NA,NA,NA,NA,NA,NA,NA,NA
Fri,2022-09-16,Prague,69.2,bulk,NA,NA,NA,NA,NA,NA,NA,NA,NA,NA,NA
Sat,2022-09-17,Jestrabi,69.3,bulk,NA,NA,NA,NA,NA,NA,NA,NA,NA,NA,NA
Sun,2022-09-18,Jestrabi,69.3,bulk,NA,NA,NA,NA,NA,NA,NA,NA,NA,NA,NA
Mon,2022-09-19,Prague,69.6,bulk,NA,NA,NA,NA,NA,NA,NA,NA,NA,NA,NA
Tue,2022-09-20,Prague,69.9,bulk,NA,NA,NA,NA,NA,NA,NA,NA,NA,NA,NA
Wed,2022-09-21,Prague,69.3,bulk,NA,NA,NA,NA,NA,NA,NA,NA,NA,NA,NA
Thu,2022-09-22,Prague,69.9,bulk,NA,NA,NA,NA,NA,NA,NA,NA,NA,NA,NA
Fri,2022-09-23,Jestrabi,69.6,bulk,NA,NA,NA,NA,NA,NA,NA,NA,NA,NA,NA
Sat,2022-09-24,Jestrabi,69,bulk,NA,NA,NA,NA,NA,NA,NA,NA,NA,NA,NA
Sun,2022-09-25,Jestrabi,69,bulk,NA,NA,NA,NA,NA,NA,NA,NA,NA,NA,NA
Mon,2022-09-26,Jestrabi,69,bulk,NA,NA,NA,NA,NA,NA,NA,NA,NA,NA,NA
Tue,2022-09-27,Jestrabi,69,bulk,NA,NA,NA,NA,NA,NA,NA,NA,NA,NA,NA
Wed,2022-09-28,Jestrabi,69.3,bulk,NA,NA,NA,NA,NA,NA,NA,NA,NA,NA,NA
Thu,2022-09-29,Prague,70,bulk,NA,NA,NA,NA,NA,NA,NA,NA,NA,NA,NA
Fri,2022-09-30,Prague,69.5,bulk,NA,NA,NA,NA,NA,NA,NA,NA,NA,NA,NA
Sat,2022-10-01,Jestrabi,69.1,bulk,NA,NA,NA,NA,NA,NA,NA,NA,NA,NA,NA
Sun,2022-10-02,Jestrabi,68.9,bulk,NA,NA,NA,NA,NA,NA,NA,NA,NA,NA,NA
Mon,2022-10-03,Jestrabi,69.5,bulk,NA,NA,NA,NA,NA,NA,NA,NA,NA,NA,NA
Tue,2022-10-04,Prague,69.9,bulk,NA,NA,NA,NA,NA,NA,NA,NA,NA,NA,NA
Wed,2022-10-05,Prague,69.4,bulk,NA,NA,NA,NA,NA,NA,NA,NA,NA,NA,NA
Thu,2022-10-06,Prague,69.1,bulk,NA,NA,NA,NA,NA,NA,NA,NA,NA,NA,NA
Fri,2022-10-07,Prague,70,bulk,NA,NA,NA,NA,NA,NA,NA,NA,NA,NA,NA
Sat,2022-10-08,Jestrabi,69.9,bulk,NA,NA,NA,NA,NA,NA,NA,NA,NA,NA,NA
Sun,2022-10-09,Jestrabi,70.2,bulk,NA,NA,NA,NA,NA,NA,NA,NA,NA,NA,NA
Mon,2022-10-10,Jestrabi,69.4,bulk,NA,NA,NA,NA,NA,NA,NA,NA,NA,NA,NA
Tue,2022-10-11,Jestrabi,69.3,bulk,NA,NA,NA,NA,NA,NA,NA,NA,NA,NA,NA
Wed,2022-10-12,Jestrabi,69.3,bulk,NA,NA,NA,NA,NA,NA,NA,NA,NA,NA,NA
Thu,2022-10-13,Jestrabi,69.5,bulk,NA,NA,NA,NA,NA,NA,NA,NA,NA,NA,NA
Fri,2022-10-14,Jestrabi,69.9,bulk,NA,NA,NA,NA,NA,NA,NA,NA,NA,NA,NA
Sat,2022-10-15,Jestrabi,70,bulk,NA,NA,NA,NA,NA,NA,NA,NA,NA,NA,NA
Sun,2022-10-16,Jestrabi,71.2,bulk,NA,NA,NA,NA,NA,NA,NA,NA,NA,NA,NA
Mon,2022-10-17,Jestrabi,70.3,bulk,NA,NA,NA,NA,NA,NA,NA,NA,NA,NA,NA
Tue,2022-10-18,Jestrabi,70.3,bulk,NA,NA,NA,NA,NA,NA,NA,NA,NA,NA,NA
Wed,2022-10-19,Jestrabi,70.4,bulk,NA,NA,NA,NA,NA,NA,NA,NA,NA,NA,NA
Thu,2022-10-20,Prague,70.4,bulk,NA,NA,NA,NA,NA,NA,NA,NA,NA,NA,NA
Fri,2022-10-21,Prague,70.4,bulk,NA,NA,NA,NA,NA,NA,NA,NA,NA,NA,NA
Sat,2022-10-22,Jestrabi,70.2,bulk,NA,NA,NA,NA,NA,NA,NA,NA,NA,NA,NA
Sun,2022-10-23,Jestrabi,70.4,bulk,NA,NA,NA,NA,NA,NA,NA,NA,NA,NA,NA
Mon,2022-10-24,Jestrabi,69.8,bulk,NA,NA,NA,NA,NA,NA,NA,NA,NA,NA,NA
Tue,2022-10-25,Jestrabi,70.3,bulk,NA,NA,NA,NA,NA,NA,NA,NA,NA,NA,NA
Wed,2022-10-26,Prague,70.1,bulk,NA,NA,NA,NA,NA,NA,NA,NA,NA,NA,NA
Thu,2022-10-27,Prague,70.4,bulk,NA,NA,NA,NA,NA,NA,NA,NA,NA,NA,NA
Fri,2022-10-28,Jestrabi,70.9,bulk,NA,NA,NA,NA,NA,NA,NA,NA,NA,NA,NA
Sat,2022-10-29,Jestrabi,70.3,bulk,NA,NA,NA,NA,NA,NA,NA,NA,NA,NA,NA
Sun,2022-10-30,Jestrabi,69.6,bulk,NA,NA,NA,NA,NA,NA,NA,NA,NA,NA,NA
Mon,2022-10-31,Jestrabi,69.8,bulk,74.8,108.3,NA,50.5,35.9,50.7,36.1,35.7,28.6,35.2,28.9
Tue,2022-11-01,Prague,69.6,bulk,74.4,108.1,NA,50.8,36.3,51.3,36.2,36.1,28.9,35.6,29.1
Wed,2022-11-02,Prague,70.1,bulk,74.1,109.5,NA,50.6,36.5,51.8,36.3,36.7,29.1,35.7,29.4
Thu,2022-11-03,Prague,70.5,bulk,74.1,108.9,NA,50.9,36.2,52.2,36.3,37,29.1,36.1,29.5
Fri,2022-11-04,Prague,70.7,bulk,75.6,108.8,NA,51.3,36.5,51.8,36.3,36.5,29,36,29.2
Sat,2022-11-05,Jestrabi,70.4,bulk,75.2,107.7,NA,50.7,35.5,51.3,36.1,36.4,28.7,35.6,28.8
Sun,2022-11-06,Jestrabi,70.3,bulk,75.4,107.6,NA,50.2,35.8,50.8,35.8,36.6,28.6,35.5,28.8
Mon,2022-11-07,Jestrabi,70.9,bulk,75.3,108.2,NA,50.5,35.6,50.9,36.2,36.4,28.6,35.8,28.8
Tue,2022-11-08,Jestrabi,70.3,bulk,76.4,108.4,NA,50.5,35.5,51.1,35.8,36.5,28.5,35.6,28.6
Wed,2022-11-09,Prague,70.1,bulk,75.6,108.6,NA,50.6,36.2,51.6,36.1,36.8,28.6,35.6,28.8
Thu,2022-11-10,Prague,70.8,bulk,75.5,107.5,NA,50.9,36.3,51.6,36.4,36.8,28.5,35.8,29.1
Fri,2022-11-11,Prague,70.6,bulk,75,107.5,NA,51.1,36.3,51.5,36.2,36.8,28.7,35.8,28.9
Sat,2022-11-12,Prague,70.7,bulk,74.2,107.7,NA,50.9,36.2,51.7,36.3,36.5,28.6,35.7,28.8
Sun,2022-11-13,Jestrabi,71.6,bulk,75.8,108.3,NA,50.6,35.8,51.3,35.7,36.4,28.6,35.2,28.7
Mon,2022-11-14,Jestrabi,70.4,bulk,75,109,NA,50.6,35.5,50.9,35.6,36.1,28.4,35.5,28.7
Tue,2022-11-15,Jestrabi,70.4,bulk,75.5,109,NA,50.3,35.7,51.2,35.4,36.7,28.4,35.7,28.6
Wed,2022-11-16,Jestrabi,70.2,bulk,75.1,107.7,NA,50.4,35.4,51,35.4,36.7,28.4,35.7,28.9
Thu,2022-11-17,Jestrabi,70,bulk,75,107.6,NA,50.4,35.6,50.6,35.6,36.3,28.2,35.8,28.7
Fri,2022-11-18,Jestrabi,70.4,bulk,74.3,108.4,NA,50.6,35.6,50.7,35.7,36.5,28.4,35.5,28.7
Sat,2022-11-19,Jestrabi,70.2,bulk,74.8,107.9,NA,50.5,35.2,50.8,35.2,36.7,28.3,35.7,28.7
Sun,2022-11-20,Jestrabi,70.2,bulk,75.6,109.2,NA,50.5,35.6,50.9,35.4,36.4,28.4,35.4,28.8
Mon,2022-11-21,Jestrabi,69.8,bulk,74,107.4,NA,51.2,36.3,51.3,35.7,36.7,29.2,35.9,29.6
Tue,2022-11-22,Jestrabi,69.9,bulk,75.5,107.6,NA,51.3,36.2,51.3,36.1,36.7,28.9,36.2,29.2
Wed,2022-11-23,Jestrabi,70.1,bulk,74.7,108,36.2,51.4,36.2,51.8,36.2,36.5,28.8,36.2,29.2
Thu,2022-11-24,Prague,70,bulk,75.2,108.4,35.9,50.8,35.9,51.1,35.8,36.5,28.6,36.3,29.2
Fri,2022-11-25,Prague,70.3,bulk,75.2,109.4,35.6,51.3,36.2,51.4,36,36.8,28.5,36.2,29.3
Sat,2022-11-26,Jestrabi,70.5,bulk,75.6,108.8,36.4,51.6,36,51.8,36,37,29.2,36.5,29.3
Sun,2022-11-27,Jestrabi,69.9,bulk,75.3,108.7,35.1,51.4,36.3,51.7,36.4,36.8,29,36.4,29.3
Mon,2022-11-28,Jestrabi,70.5,bulk,74.8,109.4,35.7,51.7,36.3,51.8,36.2,37.1,29.1,36.6,29.2
Tue,2022-11-29,Prague,70.4,bulk,75.1,108.1,35.9,51.2,36.1,51.4,35.9,36.4,28.5,35.9,29.1
Wed,2022-11-30,Prague,70.9,bulk,74.8,108.9,35.3,51.8,36,51.6,36.2,37,28.7,36.1,29.3
Thu,2022-12-01,Prague,70.1,bulk,74.5,108.7,35,51,36.1,51.8,35.6,36.7,29.1,36.3,28.9
Fri,2022-12-02,Prague,70.9,bulk,75.1,108.7,34.9,51.3,36.1,51.8,36.2,36.9,28.8,36,29
Sat,2022-12-03,Jestrabi,71.1,bulk,75.9,109.1,36.1,51.8,36.2,52.3,36.6,37.6,29.3,36.4,29.3
Sun,2022-12-04,Jestrabi,70.5,bulk,75.3,109.1,35.9,51.3,36.2,51.9,36.3,37.1,29,36.6,29.2
Mon,2022-12-05,Jestrabi,70.7,bulk,75.5,108.2,35,51.4,36.4,51.9,36.5,37,28.9,36.3,29.3
Tue,2022-12-06,Jestrabi,70.2,bulk,74.7,108.3,35.5,51.3,36.3,51.7,36.3,37.4,28.7,36.3,29.1
Wed,2022-12-07,Prague,70.1,bulk,74.4,108.4,35,52.1,36.3,52.1,36.3,37.3,28.9,36.2,29.2
Thu,2022-12-08,Prague,70.7,bulk,75.8,108.5,35.1,51.6,36.4,51.9,36.3,37.9,28.7,36.4,29.1
Fri,2022-12-09,Prague,71.1,bulk,75.5,108.5,35.3,52.2,36.3,52.1,36.3,36.9,28.8,36.4,29.3
Sat,2022-12-10,Jestrabi,71.3,bulk,74.4,108,35.6,52,36.5,52.5,36.3,37,29.1,36.2,29.4
Sun,2022-12-11,Jestrabi,70.9,bulk,75.3,108.1,35.9,51.9,36.4,52.5,36.3,37.1,28.8,36.3,29.1
Mon,2022-12-12,Jestrabi,70.8,bulk,75.5,108.3,35.6,51.9,36.4,52.3,36.4,37.3,28.9,36.3,29.4
Tue,2022-12-13,Prague,70.5,bulk,74.6,108.1,35,51.6,36.3,51.7,35.8,36.8,28.7,36.1,29
Wed,2022-12-14,Prague,70.4,bulk,73.6,108.2,34.8,52.1,36.3,51.8,36.1,37.3,28.8,36.1,29.2
Thu,2022-12-15,Prague,70.6,bulk,74.6,108.7,35.5,52.4,36.3,52.3,36.2,37,28.8,36,29
Fri,2022-12-16,Prague,70.9,bulk,76,108.2,35.5,51.8,36.3,51.8,36.3,37,28.7,36.2,29.2
Sat,2022-12-17,Jestrabi,71.5,bulk,75.5,108.6,35.3,52.3,36.5,52.7,36.5,37.1,29.2,36.2,29.4
Sun,2022-12-18,Jestrabi,70.7,bulk,75.5,108.3,35.4,51.5,36.2,52.5,36.3,36.9,29,36,29.3
Mon,2022-12-19,Jestrabi,70.8,bulk,75.9,108.1,35,51.5,36.3,52.5,36.2,36.9,29.1,36.2,29.3
Tue,2022-12-20,Jestrabi,70.8,bulk,76.2,108.8,35.5,51.9,36.5,52.3,36.5,37.2,29,36.3,29.3
Wed,2022-12-21,Jestrabi,71,bulk,75.8,108.3,35.9,52.2,36.2,52.3,36.3,37,29,36.4,29.5
Thu,2022-12-22,Jestrabi,70.2,bulk,74.4,108.6,35.4,52,36.3,52,36.3,37.6,28.5,36.3,29.2
Fri,2022-12-23,Jestrabi,70.7,bulk,75.4,108.7,35.4,52.2,36.4,52.4,36.1,37.4,28.9,36.6,29.5
Sat,2022-12-24,Jestrabi,71.1,bulk,75.7,108.6,35.3,52.3,36.3,52.7,36.3,37,28.8,36.7,29.3
Sun,2022-12-25,Jestrabi,71.5,bulk,76.6,108.6,35.7,52.6,36.4,52.6,36.3,37.6,29.1,36.3,29.5
Mon,2022-12-26,Jestrabi,72.9,bulk,77.9,108.7,36.3,52.9,36.5,53.1,36.4,37.3,28.9,36.3,29.5
Tue,2022-12-27,Jestrabi,72.3,bulk,76.6,108.5,35.8,52.6,36.3,53,36.6,37.3,29.1,36.4,29.6
Wed,2022-12-28,Jestrabi,72.8,bulk,76.5,108.4,35.6,53.3,36.4,53.5,36.7,37.4,29,36.5,29.5
Thu,2022-12-29,Jestrabi,71.6,bulk,75.8,109.8,35.7,52.7,36.3,52.8,36.3,37.4,28.9,36.5,29.2
Fri,2022-12-30,Jestrabi,71.4,bulk,75.6,108.6,35.5,52.7,36.3,52.8,36.3,37.6,29,36.4,29.4
Sat,2022-12-31,Jestrabi,71.9,bulk,76.2,108.3,35.4,52.8,36.4,52.8,36.3,37.5,28.9,36.4,29.2
Sun,2023-01-01,Jestrabi,72.2,bulk,76.8,109.7,35.4,53,36.4,53.3,36.3,37.8,29,36.5,29.5
Mon,2023-01-02,Jestrabi,71.6,bulk,75.8,109.7,35.1,53.4,36.4,53.1,36.3,37.6,28.9,36.5,29.2
Tue,2023-01-03,Prague,71.6,bulk,75.5,108.3,35.3,53,36.5,53,36.2,37.5,28.7,36.6,29
Wed,2023-01-04,Prague,71.4,bulk,75.7,108.7,35,53.1,36.6,53.3,36.3,37.5,28.7,36.2,29.3
Thu,2023-01-05,Prague,70.8,bulk,75.4,109.5,36.3,53.1,36.4,52.5,36.2,37.7,28.8,36.4,29
Fri,2023-01-06,Prague,71.5,bulk,75.2,108.8,35.8,52.7,36.4,52.8,36.5,37.6,28.8,36.3,29.2
Sat,2023-01-07,Jestrabi,71.1,bulk,74.8,108.2,35.5,52.5,36,52.7,36.1,37.4,28.7,36.5,29
Sun,2023-01-08,Jestrabi,71.7,bulk,76.1,109.2,35.3,52.8,36.3,52.8,36.3,37.7,28.8,36.6,29.3
Mon,2023-01-09,Jestrabi,71.3,bulk,75.3,108.6,35.8,52.6,36.2,52.8,36.1,37.8,28.6,36.7,29.1
Tue,2023-01-10,Jestrabi,71.1,bulk,76,109.6,35.3,52.6,36.3,52.8,36.1,37.4,28.8,36.1,29.2
Wed,2023-01-11,Prague,70.8,bulk,75.8,108.9,35.8,52.8,36.4,52.7,36,37.5,28.8,36.4,29.2
Thu,2023-01-12,Prague,71.2,bulk,75.4,108.1,35.4,52.6,36.3,52.8,36,37.6,28.6,36.4,29.5
Fri,2023-01-13,Prague,70.8,bulk,75.4,108.6,35.5,52.8,36.4,52.7,36.1,37.9,28.7,36.5,29.2
Sat,2023-01-14,Jestrabi,71.5,bulk,75.8,109,35.4,52.9,36.3,52.8,36.3,37.8,28.8,36.4,29.2
Sun,2023-01-15,Jestrabi,71.2,bulk,75.4,109.4,35,52.8,36.3,52.7,36.3,37.6,28.7,36.5,29.2
Mon,2023-01-16,Jestrabi,71.2,bulk,75.6,108.9,35.3,52.7,36.4,52.7,36.2,37.5,28.7,36.7,29.2
Tue,2023-01-17,Prague,71.4,bulk,75.6,109.2,35.3,52.7,36.3,52.7,36.3,37.5,28.7,36.5,29.3
Wed,2023-01-18,Prague,71.3,bulk,75.9,109.4,35.3,52.7,36.3,52.9,36.1,37.7,28.8,36.7,29.2
Thu,2023-01-19,Prague,71.3,bulk,75.1,109.2,35.5,52.6,36.3,52.8,36.2,37.6,28.8,36.5,29.2
Fri,2023-01-20,Prague,71.6,bulk,75.8,109.2,35.5,52.8,36.4,52.8,36.3,37.2,28.8,36.4,29.1
Sat,2023-01-21,Jestrabi,70.7,bulk,75.6,108.7,35.3,52.3,36.3,52.8,36.2,37.2,28.6,36.5,29.2
Sun,2023-01-22,Jestrabi,71.1,bulk,75.8,108.6,35.1,52.3,36.1,52.8,36.2,37.3,28.6,36.6,29.3
Mon,2023-01-23,Jestrabi,71.5,bulk,76.5,108.7,35.1,52.3,36.2,52.8,36,37.3,28.7,36.5,29.3
Tue,2023-01-24,Prague,71.6,bulk,76.6,108.3,35.3,52.4,36.2,52.8,36.1,37.2,28.7,36.5,29.1
Wed,2023-01-25,Prague,71.1,bulk,75.6,108.3,35.1,52.6,36.2,52.8,36.3,37.2,28.5,36.5,29.1
Thu,2023-01-26,Prague,71.1,bulk,75,108.7,35.8,52.7,36.3,53,36.2,37.4,28.8,36.4,29.1
Fri,2023-01-27,Prague,71.2,bulk,76.8,109.1,35.5,52.6,36.3,52.8,36.3,37.3,28.7,36.5,29
Sat,2023-01-28,Jestrabi,71.5,bulk,76.6,108.8,35.2,52.7,36.1,52.9,36.2,37.3,28.9,36.6,28.9
Sun,2023-01-29,Jestrabi,71.6,bulk,76.7,108.5,35.4,52.6,36.2,52.9,36.1,37.3,28.7,36.5,29.2
Mon,2023-01-30,Jestrabi,71.6,bulk,76.5,108.6,35.5,52.8,36.2,52.7,36.2,37.3,28.7,36.7,29.2
Tue,2023-01-31,Prague,71.5,bulk,76.5,109.3,35.3,52.7,36.2,52.8,36.2,37.4,28.7,36.6,29.2
Wed,2023-02-01,Prague,71.3,bulk,75.3,108.8,35.6,52.7,36.3,52.8,36.2,37.4,28.6,36.5,29
Thu,2023-02-02,Prague,71.5,bulk,74.6,109.7,35.3,52.7,36.4,52.8,36.3,37.4,28.7,36.6,29
Fri,2023-02-03,Prague,71.6,bulk,76.3,109.1,35.5,52.7,36.3,52.9,36.5,37.5,28.6,36.6,29
Sat,2023-02-04,Jestrabi,71.6,bulk,76.5,108.8,35.3,52.9,36.1,52.9,36.2,37.4,28.9,36.6,29.1
Sun,2023-02-05,Jestrabi,71.8,bulk,77,110.1,35,52.7,36.2,53,36.2,37.5,28.8,36.5,29.2
Mon,2023-02-06,Jestrabi,71.8,bulk,76.8,109.9,35.5,52.8,36.2,52.9,36.2,37.4,28.6,36.5,29.1
Tue,2023-02-07,Prague,71.6,bulk,76.8,109.4,35.7,53,36.4,53,36.2,37.5,28.7,36.6,29
Wed,2023-02-08,Prague,71,bulk,75.6,109.8,35.9,52.8,36.3,52.8,36.2,37.8,28.8,36.5,29.3
Thu,2023-02-09,Prague,71.3,bulk,76.5,109.8,35.6,52.8,36.3,52.9,36.1,37.6,28.7,36.5,29
Fri,2023-02-10,Prague,71.6,bulk,75.8,109.8,35.8,52.8,36.4,53.3,36.4,37.6,28.8,36.5,29.1
Sat,2023-02-11,Jestrabi,72.2,bulk,76.5,109.2,35.7,53,36.4,53,36.2,37.5,28.7,36.5,29.2
Sun,2023-02-12,Jestrabi,72.2,bulk,77.6,110.2,35.3,53,36.4,53.1,36.3,37.4,28.7,36.6,29.3
Mon,2023-02-13,Jestrabi,71.8,bulk,77.1,110.7,35.4,52.9,36.2,53.2,36.3,37.7,28.8,36.6,29.3
Tue,2023-02-14,Jestrabi,71.5,bulk,76.6,109.4,35.4,53.1,36.3,53.2,36.3,37.6,29,36.7,29.2
Wed,2023-02-15,Prague,71.6,bulk,76.8,109.3,35.6,53.2,36.3,53.2,36.3,37.4,28.9,36.6,29.2
Thu,2023-02-16,Prague,71.6,bulk,76.6,110.7,35.8,53.2,36.3,53.3,36.4,37.5,28.9,36.6,29.1
Fri,2023-02-17,Prague,71.5,bulk,76.5,109.6,35.3,53.2,36.5,53.3,36.3,37.4,28.7,36.4,29.1
Sat,2023-02-18,Jestrabi,71.6,bulk,76.6,109.6,35.6,53.3,36.2,53.1,36.1,37.5,29,36.4,29.2
Sun,2023-02-19,Jestrabi,71.8,bulk,76.6,109.6,35.6,53,36.4,53,36.5,37.4,28.7,36.4,29.2
Mon,2023-02-20,Jestrabi,71.4,bulk,76.3,109.7,35.3,53.2,36.2,53,36.2,37.6,28.8,36.4,29.2
Tue,2023-02-21,Prague,71.5,bulk,76.6,109.6,35.2,53.1,36.4,53,36.2,37.6,28.8,36.5,29.2
Wed,2023-02-22,Prague,71.3,bulk,75.8,109.9,35.5,53.1,36.5,53.2,36.3,37.6,28.8,36.5,29.1
Thu,2023-02-23,Prague,72.1,bulk,76.6,109.3,35.6,53.3,36.4,53.2,36.4,37.4,28.8,36.5,29.2
Fri,2023-02-24,Prague,71.8,bulk,77.3,109.6,35.8,53.4,36.6,53.3,36.6,37.5,29,36.5,29.1
Sat,2023-02-25,Jestrabi,72.5,bulk,77.2,109.7,35.5,53.2,36.6,53.2,36.4,37.5,28.8,36.5,28.9
Sun,2023-02-26,Jestrabi,72.1,bulk,76.8,110.1,35.4,53.2,36.2,53.2,36.2,37.4,28.9,36.5,29.2
Mon,2023-02-27,Jestrabi,71.9,bulk,76.5,110.7,35.3,53.3,36.5,53.3,36.3,37.5,28.8,36.5,28.9
Tue,2023-02-28,Prague,71.9,bulk,76.1,109.8,35.3,53.4,36.4,53.2,36.4,37.7,28.8,36.5,29.1
Wed,2023-03-01,Prague,72.1,bulk,NA,NA,NA,NA,NA,NA,NA,NA,NA,NA,NA
Thu,2023-03-02,Prague,71.6,bulk,76,109.1,35.5,53,36.3,53,36.3,37.5,28.5,36.5,28.9
Fri,2023-03-03,Prague,71.7,bulk,75.7,109.8,36,53.2,36.5,53.2,36.3,37.5,28.9,36.4,29.2
Sat,2023-03-04,Jestrabi,72.2,bulk,76.6,110.1,35.6,53.3,36.1,53.1,36.3,37.5,28.7,36.5,29.3
Sun,2023-03-05,Jestrabi,72.4,bulk,77.2,110.2,35.4,53.3,36.3,53.3,36.3,37.4,28.8,36.6,29.1
Mon,2023-03-06,Jestrabi,71.8,bulk,77.4,109.8,35,53.2,36.3,53.1,36.1,37.5,28.5,36.6,28.9
Tue,2023-03-07,Prague,71.2,bulk,76.4,111.8,35.1,53.3,36.4,53.3,36.3,37.5,28.6,36.5,29.1
Wed,2023-03-08,Prague,71.4,bulk,76,110.3,35.5,53.4,36.5,53.4,36.5,37.8,28.6,36.7,29.2
Thu,2023-03-09,Prague,71.8,bulk,76.4,110.1,36.2,53.3,36.5,53.4,36.5,37.6,28.7,36.6,29.1
Fri,2023-03-10,Prague,71.8,bulk,77.1,111.2,35.7,53.3,36.6,53.5,36.6,37.5,28.8,36.5,29.1
Sat,2023-03-11,Jestrabi,72.3,bulk,76.5,110.9,35.1,53.5,36.6,53.5,36.5,37.4,29,36.4,29
Sun,2023-03-12,Jestrabi,72.1,bulk,76.2,110.2,35.3,53.3,36.2,53.8,36.3,37.6,28.7,36.4,29.3
Mon,2023-03-13,Jestrabi,71.8,bulk,76.2,111.3,35.1,53,36.4,53.3,36.5,37.6,28.6,36.4,29.2
Tue,2023-03-14,Prague,71.6,bulk,76.3,111.6,35.3,53.3,36.1,53.7,36.3,37.7,28.9,36.5,29.3
Wed,2023-03-15,Prague,71.5,bulk,76.3,110.8,35.2,53.3,36.8,53.5,36.8,37.7,29,36.6,29.3
Thu,2023-03-16,Prague,72,bulk,76.4,111.2,35.7,53.6,36.9,54.1,36.6,37.8,28.8,36.6,29.2
Fri,2023-03-17,Prague,71.8,bulk,76.6,110.2,35.9,53.3,36.6,53.7,36.7,37.7,28.8,36.6,29.2
Sat,2023-03-18,Jestrabi,71.9,bulk,76.4,110.4,35,53.3,36.3,53.4,36.4,37.7,28.6,36.6,29
Sun,2023-03-19,Jestrabi,72.4,bulk,75.9,110.8,34.9,53.6,36.4,53.5,36.3,37.5,28.8,36.5,29.2
Mon,2023-03-20,Jestrabi,72.7,bulk,76.6,110.8,36,53.3,36.7,53.5,36.5,37.8,28.9,36.7,29
Tue,2023-03-21,Prague,72.5,bulk,76.6,112.2,35.6,53.5,36.9,53.7,36.6,37.8,29.1,36.6,29.4
Wed,2023-03-22,Prague,71.4,bulk,75.2,110.8,35.1,53.5,36.5,53.7,36.5,37.7,28.8,36.6,29.2
Thu,2023-03-23,Prague,72.3,bulk,75.9,110.7,35.4,53.3,36.8,53.8,36.5,37.8,29.3,36.5,29.4
Fri,2023-03-24,Prague,72.4,bulk,76.1,112.6,35.3,53.4,37,54.2,36.8,37.8,29.1,36.7,29.2
Sat,2023-03-25,Jestrabi,72.4,bulk,76.5,110.3,35.3,53.2,36.4,53.7,36.7,37.8,28.9,36.5,29.2
Sun,2023-03-26,Jestrabi,72.3,bulk,76.6,110.6,34.6,53.3,36.4,54,36.5,37.7,28.9,36.6,29.2
Mon,2023-03-27,Jestrabi,71.7,bulk,76.6,111.6,35,53.2,36.3,53.8,36.4,37.8,28.6,36.5,29.2
Tue,2023-03-28,Prague,71.3,bulk,76.2,110.3,35.1,52.9,36.3,53.4,36.3,37.8,28.9,36.7,29.2
Wed,2023-03-29,Prague,71.5,bulk,75.9,110.2,35.5,53.3,36.8,54.3,36.4,37.8,28.9,36.6,29.1
Thu,2023-03-30,Prague,71.3,bulk,75.5,111.3,35,53.3,36.7,54.5,36.4,38.1,28.9,36.6,29
Fri,2023-03-31,Prague,71.5,bulk,75.6,110.7,35.1,53.2,36.5,54,36.6,37.9,28.9,36.7,29.2
Sat,2023-04-01,Jestrabi,72.5,bulk,76.6,110.8,35.1,53.3,36.5,53.8,36.7,37.8,29,36.6,29.2
Sun,2023-04-02,Jestrabi,72.2,bulk,76.6,111.2,34.9,53.2,36.4,53.8,36.8,37.8,28.9,36.7,29.2
Mon,2023-04-03,Jestrabi,71.9,bulk,76.8,110.2,34.7,53.2,36.4,53.6,36.4,37.8,28.9,36.6,29.1
Tue,2023-04-04,Prague,72.2,bulk,77,111.2,35.3,53.3,36.7,54.1,36.7,38.3,28.9,37.2,29.2
Wed,2023-04-05,Prague,72.4,bulk,77,111.5,35.4,53.8,36.5,54.2,36.6,38.2,29,36.6,29.3
Thu,2023-04-06,Prague,72.6,bulk,77.5,111.4,35.2,53.5,36.8,54.3,36.8,38.3,28.9,36.6,29.5
Fri,2023-04-07,Prague,72.8,bulk,76.8,110.7,35.2,53.7,37.2,54.2,37,38,29.2,36.8,29.4
Sat,2023-04-08,Jestrabi,72.7,bulk,76.1,110.9,34.9,53.5,36.6,53.5,36.7,37.8,28.7,36.6,29
Sun,2023-04-09,Jestrabi,72.7,bulk,77.4,110.8,35.1,53.4,36.6,53.8,36.6,37.5,28.8,36.2,29.1
Mon,2023-04-10,Jestrabi,72.8,bulk,77.6,110.6,34.9,53.6,36.7,53.7,36.5,37.7,29,36.7,29.2
Tue,2023-04-11,Prague,72.3,bulk,77.4,111.3,34.9,53.6,36.8,53.8,36.4,38.2,29,36.6,29.4
Wed,2023-04-12,Prague,72.3,bulk,76.6,111.6,35.1,53.6,36.8,53.8,36.4,38.1,29.1,36.6,29.2
Thu,2023-04-13,Prague,72.6,bulk,77.2,112,35.1,53.8,36.8,54.2,36.7,37.8,29.2,36.7,29.3
Fri,2023-04-14,Prague,72.6,bulk,77.4,112.3,35.4,53.7,36.7,54.2,36.5,38.1,29.2,36.6,29.4
Sat,2023-04-15,Jestrabi,73,bulk,76.7,112.4,35,53.6,36.5,54.1,36.5,38.1,28.7,36.7,29.3
Sun,2023-04-16,Jestrabi,73.8,bulk,78.7,112,35.5,53.5,36.4,54.2,36.5,37.9,28.8,36.6,29.3
Mon,2023-04-17,Jestrabi,72.6,bulk,77.5,112.1,35,53.7,36.4,54,36.5,37.8,28.6,36.6,29.2
Tue,2023-04-18,Prague,72.5,bulk,77.5,110.4,35.1,53.7,36.8,54,36.7,38,28.9,36.6,29.3
Wed,2023-04-19,Prague,71.9,bulk,76.2,112,35.4,53.8,36.6,54.1,36.5,37.9,28.8,36.7,29.2
Thu,2023-04-20,Prague,72.3,bulk,76.8,112.4,35.3,53.7,36.8,53.8,36.8,38,28.8,36.5,29.3
Fri,2023-04-21,Prague,72.6,bulk,76.8,112.4,35.5,53.8,37,54,36.8,37.7,28.9,36.8,29.3
Sat,2023-04-22,Jestrabi,72.8,bulk,76.5,110.9,35.2,53.5,36.8,53.9,36.8,38,28.9,36.5,29.1
Sun,2023-04-23,Jestrabi,73.2,bulk,77.5,110.4,35.1,53.7,36.5,53.8,36.7,37.7,29.1,36.7,29.2
Mon,2023-04-24,Jestrabi,72.5,bulk,77.2,112.4,34.8,53.5,36.5,53.8,36.6,38.1,29,36.6,28.9
Tue,2023-04-25,Prague,73.2,bulk,77.6,110.3,36.3,54,36.8,54.3,36.7,37.7,29.1,36.7,29.6
Wed,2023-04-26,Prague,72.7,bulk,77.5,111.2,35.3,54,36.8,54,36.7,38,29,36.7,29.4
Thu,2023-04-27,Prague,72.8,bulk,77.6,112.3,35.8,54.1,36.9,54.3,36.6,38,29,36.6,29.4
Fri,2023-04-28,Prague,73.1,bulk,77.1,111.5,35.2,54.2,37.1,54.5,36.8,38.1,29,36.6,29.4
Sat,2023-04-29,Jestrabi,73.7,bulk,77.5,111,35.5,54.1,36.8,54.5,36.8,37.9,29,36.6,29.3
Sun,2023-04-30,Jestrabi,73.3,bulk,77.5,111.4,35.2,53.9,36.7,54.1,36.7,37.8,28.9,36.6,29.3
Mon,2023-05-01,Jestrabi,73.4,bulk,77.6,111.4,35.2,53.8,37.2,53.9,36.9,38,29,36.5,29.2
Tue,2023-05-02,Jestrabi,73.4,bulk,77.5,111.5,35.1,53.9,36.4,54,36.7,37.9,28.8,36.5,29
Wed,2023-05-03,Prague,72.9,bulk,77.1,110.1,35.4,54,37.2,54.3,36.8,38.2,29.3,36.8,29.5
Thu,2023-05-04,Prague,72.8,bulk,77,111.6,35.3,54,37.1,54.1,37,38.3,29.1,36.7,29.3
Fri,2023-05-05,Prague,73.2,bulk,77.2,111.8,35.1,54.2,37.2,54.4,37.2,38.3,28.9,36.8,29.3
Sat,2023-05-06,Jestrabi,73.9,bulk,77.3,111.5,35.2,53.8,37.2,54.2,37,37.6,29,36.5,29.3
Sun,2023-05-07,Jestrabi,74.6,bulk,78.1,112.1,35.3,53.9,37.2,54.5,36.9,38.1,28.9,36.7,29.7
Mon,2023-05-08,Jestrabi,73.9,bulk,78.8,111.8,34.6,54.3,36.6,54.3,36.6,38.2,29,36.7,29.2
Tue,2023-05-09,Jestrabi,73.9,bulk,77.8,111.4,35.3,54,36.8,54.3,36.5,37.8,29,36.7,29.2
Wed,2023-05-10,Prague,NA,bulk,NA,NA,NA,NA,NA,NA,NA,NA,NA,NA,NA
Thu,2023-05-11,Prague,73.3,bulk,NA,NA,NA,NA,NA,NA,NA,NA,NA,NA,NA
Fri,2023-05-12,Cologne,NA,bulk,NA,NA,NA,NA,NA,NA,NA,NA,NA,NA,NA
Sat,2023-05-13,Prague,74.5,bulk,78,111.4,35.3,54.8,37.8,55,37.4,38,29.1,36.7,29.5
Sun,2023-05-14,Jestrabi,73.5,bulk,78,110.9,35.2,54,37,54,36.6,38,28.7,36.5,29.1
Mon,2023-05-15,Jestrabi,73.2,bulk,77.5,111.4,34.9,54.3,36.8,54.3,36.8,38,29,36.6,29.1
Tue,2023-05-16,Prague,72.3,bulk,NA,NA,NA,NA,NA,NA,NA,NA,NA,NA,NA
Wed,2023-05-17,Prague,NA,bulk,NA,NA,NA,NA,NA,NA,NA,NA,NA,NA,NA
Thu,2023-05-18,Prague,73.3,bulk,77,111.1,35.3,54.3,37.4,54.7,37.2,37.8,29,36.7,29.4
Fri,2023-05-19,Prague,NA,bulk,NA,NA,NA,NA,NA,NA,NA,NA,NA,NA,NA
Sat,2023-05-20,Moravicany,NA,bulk,NA,NA,NA,NA,NA,NA,NA,NA,NA,NA,NA
Sun,2023-05-21,Moravicany,NA,bulk,NA,NA,NA,NA,NA,NA,NA,NA,NA,NA,NA
Mon,2023-05-22,Prague,NA,maintain,NA,NA,NA,NA,NA,NA,NA,NA,NA,NA,NA
Tue,2023-05-23,Prague,NA,maintain,NA,NA,NA,NA,NA,NA,NA,NA,NA,NA,NA
Wed,2023-05-24,Prague,NA,maintain,NA,NA,NA,NA,NA,NA,NA,NA,NA,NA,NA
Thu,2023-05-25,Prague,73.3,maintain,77.6,111.6,35.5,53.5,37,54,37,38,29,36.5,29.3
Fri,2023-05-26,Prague,NA,maintain,NA,NA,NA,NA,NA,NA,NA,NA,NA,NA,NA
Sat,2023-05-27,Jestrabi,73.2,maintain,78,109.7,35.3,53.2,36.8,53.7,37.7,37.7,28.8,36.3,29.3
Sun,2023-05-28,Jestrabi,71.9,maintain,76.5,110.3,35,53.1,36.8,53.3,36.5,37.6,28.6,36.4,29
Mon,2023-05-29,Jestrabi,71.9,maintain,75.5,109.3,35.1,53.2,36.4,53.3,36.4,37.6,28.8,36.5,29
Tue,2023-05-30,Prague,71.7,maintain,NA,NA,NA,NA,NA,NA,NA,NA,NA,NA,NA
Wed,2023-05-31,Prague,NA,maintain,NA,NA,NA,NA,NA,NA,NA,NA,NA,NA,NA
Thu,2023-06-01,Prague,73.3,maintain,77.4,110.3,35.5,53.6,37.1,54,36.7,37.2,29,36.5,29.3
Fri,2023-06-02,Prague,NA,maintain,NA,NA,NA,NA,NA,NA,NA,NA,NA,NA,NA
Sat,2023-06-03,Jestrabi,73,maintain,77.7,110.3,35.3,53.1,36.7,53.6,36.8,37.6,28.8,36.7,29.2
Sun,2023-06-04,Jestrabi,72.1,maintain,76.3,110.9,34.7,53.2,36.7,53.6,36.5,37.6,28.8,36.6,28.9
Mon,2023-06-05,Jestrabi,72.9,maintain,77.8,110.3,35.3,53.3,36.5,53.7,36.5,37.8,29,36.7,29.2
Tue,2023-06-06,Prague,NA,maintain,NA,NA,NA,NA,NA,NA,NA,NA,NA,NA,NA
Wed,2023-06-07,Prague,NA,maintain,NA,NA,NA,NA,NA,NA,NA,NA,NA,NA,NA
Thu,2023-06-08,Prague,72.5,maintain,77.6,110.7,36,53.5,36.4,54,36.6,37.7,29.3,36.7,29.3
Fri,2023-06-09,Prague,NA,maintain,NA,NA,NA,NA,NA,NA,NA,NA,NA,NA,NA
Sat,2023-06-10,Jestrabi,73.1,maintain,77.7,110.9,35.7,53.5,36.8,53.9,36.8,37.4,28.8,36.7,29.2
Sun,2023-06-11,Jestrabi,73.2,maintain,77.6,109.7,35.5,53.1,36.5,53.8,36.7,37.7,28.7,36.4,29.1
Mon,2023-06-12,Prague,NA,maintain,NA,NA,NA,NA,NA,NA,NA,NA,NA,NA,NA
Tue,2023-06-13,Prague,NA,maintain,NA,NA,NA,NA,NA,NA,NA,NA,NA,NA,NA
Wed,2023-06-14,Prague,NA,maintain,NA,NA,NA,NA,NA,NA,NA,NA,NA,NA,NA
Thu,2023-06-15,Prague,NA,maintain,NA,NA,NA,NA,NA,NA,NA,NA,NA,NA,NA
Fri,2023-06-16,Jestrabi,72.5,maintain,76.4,110.2,34.8,53.5,37.1,53.8,36.6,37.4,28.7,36.6,29.1
Sat,2023-06-17,Jestrabi,72.3,maintain,77.5,109.9,35.2,52.9,36.6,53.7,36.2,37.1,28.6,36.7,29
Sun,2023-06-18,Jestrabi,72.4,maintain,78.1,109.8,35.5,53.2,36.5,53.5,36.8,37.5,28.6,36.6,29.1
Mon,2023-06-19,Jestrabi,72.4,maintain,76.6,109.6,35.8,53,36.6,53.6,36.5,37.4,28.8,36.7,29.2
Tue,2023-06-20,Jestrabi,72.3,maintain,77,109.7,35.1,53.2,36.7,53.7,36.5,37.4,28.8,36.6,29.3
Wed,2023-06-21,Jestrabi,72.4,maintain,76.5,110.1,34.9,53.2,36.5,53.8,36.3,37.5,28.7,36.7,29
Thu,2023-06-22,Jestrabi,72.1,maintain,75.8,109.5,35.3,53,36.5,53.7,36.4,37.5,28.6,36.5,29.2
Fri,2023-06-23,Jestrabi,71.8,maintain,76.8,110.7,35.3,53.2,36.8,53.4,36.4,37.5,28.8,36.4,29.3
Sat,2023-06-24,Jestrabi,71.8,maintain,77,109.7,35,53.2,36.5,53.5,36.5,37.7,28.8,36.7,29.2
Sun,2023-06-25,Prague,NA,maintain,NA,NA,NA,NA,NA,NA,NA,NA,NA,NA,NA
Mon,2023-06-26,Prague,NA,maintain,NA,NA,NA,NA,NA,NA,NA,NA,NA,NA,NA
Tue,2023-06-27,Prague,71.8,cut,NA,NA,NA,NA,NA,NA,NA,NA,NA,NA,NA
Wed,2023-06-28,Prague,NA,cut,NA,NA,NA,NA,NA,NA,NA,NA,NA,NA,NA
Thu,2023-06-29,Prague,71.6,cut,77,109.5,35.4,53.5,36.5,53.6,36.5,37,28.6,36.7,29.1
Fri,2023-06-30,Prague,72.4,cut,NA,NA,NA,NA,NA,NA,NA,NA,NA,NA,NA
Sat,2023-07-01,Jestrabi,71.7,cut,77.2,109.1,35.3,53.4,35.4,53.5,36.2,37.5,28.6,36.5,29.1
Sun,2023-07-02,Jestrabi,71.3,cut,76.8,109,34.3,52.6,36,53.2,36.1,37.6,28.8,37,28.9
Mon,2023-07-03,Jestrabi,70.6,cut,77,108.2,34.9,52,35.6,53,35.7,36.5,28.3,36,28.8
Tue,2023-07-04,Prague,72,cut,NA,NA,NA,NA,NA,NA,NA,NA,NA,NA,NA
Wed,2023-07-05,Moravicany,NA,cut,NA,NA,NA,NA,NA,NA,NA,NA,NA,NA,NA
Thu,2023-07-06,Moravicany,NA,cut,NA,NA,NA,NA,NA,NA,NA,NA,NA,NA,NA
Fri,2023-07-07,Moravicany,NA,cut,NA,NA,NA,NA,NA,NA,NA,NA,NA,NA,NA
Sat,2023-07-08,Moravicany,NA,cut,NA,NA,NA,NA,NA,NA,NA,NA,NA,NA,NA
Sun,2023-07-09,Jestrabi,71.4,cut,76.8,109.3,34.9,52.5,36.4,53.2,36.1,36.7,28.4,36.1,28.9
Mon,2023-07-10,Jestrabi,70.5,cut,75.8,108.4,34.5,52.1,36.6,53,36,36.7,28.2,36.3,28.6
Tue,2023-07-11,Prague,70.9,cut,76.3,108,35.1,NA,NA,NA,NA,NA,NA,NA,NA
Wed,2023-07-12,Prague,71.1,cut,NA,NA,NA,NA,NA,NA,NA,NA,NA,NA,NA
Thu,2023-07-13,Prague,70.5,cut,NA,NA,NA,NA,NA,NA,NA,NA,NA,NA,NA
Fri,2023-07-14,Prague,NA,cut,NA,NA,NA,NA,NA,NA,NA,NA,NA,NA,NA
Sat,2023-07-15,Jestrabi,70.8,cut,76.2,110.3,34.8,52.4,35.9,52.9,36.1,36.8,28.4,35.7,29.2
Sun,2023-07-16,Jestrabi,70.7,cut,76,110.7,35.3,52.6,36,53,36.4,36.7,28.3,35.5,28.8
Mon,2023-07-17,Jestrabi,70.5,cut,75.8,109.5,34.8,52.3,36.7,53.3,36.2,36.6,28.3,36.3,28.9
Tue,2023-07-18,Prague,70.3,cut,75,108.7,34.6,52.3,36.2,53,36.3,36.8,28.5,36.5,29.1
Wed,2023-07-19,Prague,70.1,cut,74.5,107.8,35.2,52.4,36.4,53,36.3,36.8,28.4,36.6,29
Thu,2023-07-20,Prague,70,cut,75,108.6,34.7,52.2,36.4,52.8,36.3,36.8,28.6,36.7,29
Fri,2023-07-21,Jestrabi,70.1,cut,74.8,109.4,34.6,52,36.3,52.9,36.3,36.7,28.2,35.7,28.7
Sat,2023-07-22,Jestrabi,69.7,cut,74.9,108.4,34.2,51.7,35.8,52.5,36.3,36.7,28.3,36,28.7
Sun,2023-07-23,Jestrabi,70,cut,75,109.2,34.3,51.5,35.8,52.3,35.8,36.5,28.5,36.1,28.8
Mon,2023-07-24,Jestrabi,69,cut,74.1,108.7,34.5,51.4,35,52,35.3,36.5,28.1,35.5,28.6
Tue,2023-07-25,Prague,68.9,bulk,NA,NA,NA,NA,NA,NA,NA,NA,NA,NA,NA
Wed,2023-07-26,Prague,NA,bulk,NA,NA,NA,NA,NA,NA,NA,NA,NA,NA,NA
Thu,2023-07-27,Prague,70.6,bulk,NA,NA,NA,NA,NA,NA,NA,NA,NA,NA,NA
Fri,2023-07-28,Prague,NA,bulk,NA,NA,NA,NA,NA,NA,NA,NA,NA,NA,NA
Sat,2023-07-29,Jestrabi,70.2,bulk,75.5,109.4,35.1,51.7,36.3,52.5,36.5,36.7,28.3,35.6,28.9
Sun,2023-07-30,Jestrabi,69.8,bulk,75,108.1,34.2,51.5,35.5,52.2,35.8,37.2,28.3,35.8,28.7
Mon,2023-07-31,Jestrabi,70,bulk,75.3,109.5,34.3,51.5,35.8,52.5,35.8,36.8,28.4,35.7,28.7
Tue,2023-08-01,Jestrabi,69.9,bulk,75.1,109.3,34,51.7,35.8,52.2,35.5,36.8,28.4,35.8,28.7
Wed,2023-08-02,Prague,NA,bulk,NA,NA,NA,NA,NA,NA,NA,NA,NA,NA,NA
Thu,2023-08-03,Prague,70.4,bulk,75.5,109.8,35,52,36.4,52.7,36.7,37.3,28.7,36.2,28.9
Fri,2023-08-04,Prague,NA,bulk,NA,NA,NA,NA,NA,NA,NA,NA,NA,NA,NA
Sat,2023-08-05,Jestrabi,70.2,bulk,75.3,109,34.4,51.2,35.8,52.2,35.8,36.7,28.4,36.2,28.7
Sun,2023-08-06,Jestrabi,70.8,bulk,75.6,109.9,34.4,51.9,36.4,52.5,36.5,37.3,28.6,36.5,28.8
Mon,2023-08-07,Jestrabi,70.1,bulk,74.7,109,34.3,51.5,35.5,52.2,35.6,37.1,28.3,36.1,28.6
Tue,2023-08-08,Prague,NA,bulk,NA,NA,NA,NA,NA,NA,NA,NA,NA,NA,NA
Wed,2023-08-09,Prague,69.9,bulk,74.2,108.6,35,52.2,36.7,52.6,36.3,37.4,28.5,36.5,28.7
Thu,2023-08-10,Prague,NA,bulk,NA,NA,NA,NA,NA,NA,NA,NA,NA,NA,NA
Fri,2023-08-11,Moravicany,NA,bulk,NA,NA,NA,NA,NA,NA,NA,NA,NA,NA,NA
Sat,2023-08-12,Jestrabi,69.7,bulk,74.8,108.7,34.1,51.2,35.3,52,36,37.7,28.6,36.4,28.9
Sun,2023-08-13,Jestrabi,70.3,bulk,75.6,108.5,34.6,51.5,35.7,52.1,36,36.8,28.3,36,28.8
Mon,2023-08-14,Jestrabi,70,bulk,75,109.9,34.4,51.5,35.6,52,35.7,37.2,28.3,36.2,28.6
Tue,2023-08-15,Jestrabi,70.6,bulk,75.6,109,34.4,51.6,36.2,52.1,36.2,37.2,28.4,36.2,28.8
Wed,2023-08-16,Jestrabi,70.2,bulk,75.5,110,35,51.6,35.7,52.1,35.7,37.2,28.3,36.3,28.7
Thu,2023-08-17,Jestrabi,70.4,bulk,76,109,34.3,51.7,36.4,52.2,36.2,NA,NA,NA,NA
Fri,2023-08-18,Jestrabi,70.3,bulk,76,108.2,34.6,NA,NA,NA,NA,NA,NA,NA,NA
Sat,2023-08-19,Prague,NA,bulk,NA,NA,NA,NA,NA,NA,NA,NA,NA,NA,NA
Sun,2023-08-20,Prague,70,bulk,74.3,110.2,35.5,51.5,36.5,52,36.3,37.5,28.4,36,29.1
Mon,2023-08-21,Prague,NA,bulk,NA,NA,NA,NA,NA,NA,NA,NA,NA,NA,NA
Tue,2023-08-22,Prague,NA,bulk,NA,NA,NA,NA,NA,NA,NA,NA,NA,NA,NA
Wed,2023-08-23,Prague,70.1,bulk,76.4,109,35.2,NA,NA,NA,NA,NA,NA,NA,NA
Thu,2023-08-24,Prague,NA,bulk,NA,NA,NA,NA,NA,NA,NA,NA,NA,NA,NA
Fri,2023-08-25,Jestrabi,70.8,bulk,75.7,109.7,35.6,51.5,35.9,52,35,NA,NA,NA,NA
Sat,2023-08-26,Horni_Becva,NA,bulk,NA,NA,NA,NA,NA,NA,NA,NA,NA,NA,NA
Sun,2023-08-27,Horni_Becva,NA,bulk,NA,NA,NA,NA,NA,NA,NA,NA,NA,NA,NA
Mon,2023-08-28,Jestrabi,71,bulk,75.7,108.6,34.3,NA,NA,NA,NA,NA,NA,NA,NA
Tue,2023-08-29,Prague,NA,bulk,NA,NA,NA,NA,NA,NA,NA,NA,NA,NA,NA
Wed,2023-08-30,Prague,70.1,bulk,NA,NA,NA,NA,NA,NA,NA,NA,NA,NA,NA
Thu,2023-08-31,Prague,NA,bulk,NA,NA,NA,NA,NA,NA,NA,NA,NA,NA,NA
Fri,2023-09-01,Prague,70.1,bulk,75.2,109.1,34.7,52.2,36.2,51.7,36.4,36.9,28.7,36.5,28.8
Sat,2023-09-02,Prague,70,bulk,76.2,109,34.7,NA,NA,NA,NA,NA,NA,NA,NA
Sun,2023-09-03,Prague,70,bulk,76.1,110.2,34.7,NA,NA,NA,NA,NA,NA,NA,NA
Mon,2023-09-04,Prague,70,bulk,75,109.6,35.2,51.8,36.4,51.9,35.9,37,28.6,36.3,29
Tue,2023-09-05,Prague,70,bulk,75.6,109.4,35.5,52.5,36.3,52.5,36.3,37.6,28.6,36.5,29
Wed,2023-09-06,Prague,70,bulk,75.5,110.2,35.3,52.5,36.7,52,36.6,37.5,28.8,36,28.9
Thu,2023-09-07,Prague,70,bulk,76,109.5,35.3,52.1,36.5,51.8,36.3,37.5,28.7,36.4,29.2
Fri,2023-09-08,Prague,70.1,bulk,76.2,109.6,35.5,NA,NA,NA,NA,NA,NA,NA,NA
Sat,2023-09-09,Prague,71.6,bulk,76.5,110.9,35.3,52.9,36.3,52.8,36.4,37.6,28.8,36.7,29.7
Sun,2023-09-10,Prague,70.9,bulk,76.5,109.8,35.6,NA,NA,NA,NA,NA,NA,NA,NA
Mon,2023-09-11,Munich,NA,bulk,NA,NA,NA,NA,NA,NA,NA,NA,NA,NA,NA
Tue,2023-09-12,Munich,NA,bulk,NA,NA,NA,NA,NA,NA,NA,NA,NA,NA,NA
Wed,2023-09-13,Munich,NA,bulk,NA,NA,NA,NA,NA,NA,NA,NA,NA,NA,NA
Thu,2023-09-14,Munich,NA,bulk,NA,NA,NA,NA,NA,NA,NA,NA,NA,NA,NA
Fri,2023-09-15,Munich,NA,bulk,NA,NA,NA,NA,NA,NA,NA,NA,NA,NA,NA
Sat,2023-09-16,Prague,70.6,bulk,76.1,110.7,35.2,52.5,36.3,52.7,36.3,37.4,28.8,36.7,29
Sun,2023-09-17,Prague,70.8,bulk,77,110.5,35.3,53,36.5,52.7,36.5,37.7,28.6,36.6,29
Mon,2023-09-18,Prague,70,bulk,76.2,109.2,35.4,52.5,36.1,52.5,36.6,37.8,28.9,36.7,29.2
Tue,2023-09-19,Prague,70.6,bulk,76.2,109.5,35,52.5,36.8,52.7,36.5,37.7,28.8,36.7,28.8
Wed,2023-09-20,Prague,71.4,bulk,77.8,110.1,35.5,52.7,37,53.2,36.5,37.8,28.8,36.7,29
Thu,2023-09-21,Prague,71.4,bulk,77.1,109.5,35.2,NA,NA,NA,NA,NA,NA,NA,NA
Fri,2023-09-22,Prague,70.9,bulk,77.4,109.5,35.8,52.7,36.7,53.1,36.7,37.5,28.8,36.7,29
Sat,2023-09-23,Jestrabi,71.2,bulk,77,110,34.6,52.4,36.9,52.7,35.9,37.3,28.7,36.7,28.7
Sun,2023-09-24,Jestrabi,70.7,bulk,75.2,109.2,34.8,52.2,36.3,52.7,35.8,37.6,28.5,36.4,28.8
Mon,2023-09-25,Jestrabi,70.7,bulk,75.5,109.6,34.6,51.9,35.9,52.2,35.9,36.7,28.6,35.5,28.8
Tue,2023-09-26,Jestrabi,70.8,bulk,76.3,109.7,34.9,52.2,36.2,52.6,35.8,37.4,28.6,36.8,28.8
Wed,2023-09-27,Prague,70.7,bulk,76.5,110.8,35.5,52.7,36.5,52.5,36.3,37.5,28.8,36.5,29
Thu,2023-09-28,Prague,70.8,bulk,76.6,110.5,35.4,52.8,36.6,53,36,37.2,28.9,36.5,29.1
Fri,2023-09-29,Prague,71.2,bulk,77.2,109.4,35.3,53,37,53.1,36.3,37.5,29,36.7,29.2
Sat,2023-09-30,Chlum,NA,bulk,NA,NA,NA,NA,NA,NA,NA,NA,NA,NA,NA
Sun,2023-10-01,Chlum,71.6,bulk,NA,NA,NA,NA,NA,NA,NA,NA,NA,NA,NA
Mon,2023-10-02,Prague,71,bulk,76.6,111,35.2,53,36.2,53,36.2,37.5,28.8,36.5,29.1
Tue,2023-10-03,Prague,70.7,bulk,76.4,109.8,34.9,52.7,36.5,53.4,36,37.4,28.8,36.5,29.2
Wed,2023-10-04,Prague,70.9,bulk,76.3,110.2,35.1,53.1,36.5,53.1,36.3,37.4,28.8,36.7,29
Thu,2023-10-05,Prague,72.2,bulk,77.8,109,35.5,53.3,36.7,53,36.3,37.4,29,36.6,29.2
Fri,2023-10-06,Prague,72.3,bulk,77.7,110,35.6,53.5,36.8,53.8,36.7,37,28.8,37,28.9
Sat,2023-10-07,Jestrabi,71.7,bulk,76.6,109.8,35.2,52.5,36.5,53,36.5,37.4,28.8,36.5,28.9
Sun,2023-10-08,Jestrabi,71.9,bulk,77.1,110.2,35.5,52.6,36.4,53,35.8,37.4,28.7,36.5,28.9
Mon,2023-10-09,Jestrabi,72.1,bulk,77.4,109.5,35,NA,NA,NA,NA,NA,NA,NA,NA
Tue,2023-10-10,Prague,70.7,bulk,76.7,110.3,35.7,NA,NA,NA,NA,NA,NA,NA,NA
Wed,2023-10-11,Prague,71.7,bulk,77.5,110,36,NA,NA,NA,NA,NA,NA,NA,NA
Thu,2023-10-12,Prague,71.7,bulk,77.8,110.5,35.6,53.3,36.8,53.3,36.5,37,28.8,36.6,29.1
Fri,2023-10-13,Prague,71.5,bulk,77.5,110.5,35.7,NA,NA,NA,NA,NA,NA,NA,NA
Sat,2023-10-14,Moravicany,NA,bulk,NA,NA,NA,NA,NA,NA,NA,NA,NA,NA,NA
Sun,2023-10-15,Jestrabi,71.8,bulk,76.2,109.2,35.4,52.5,36.3,52.6,35.9,37.5,28.9,36.5,29.3
Mon,2023-10-16,Jestrabi,71.6,bulk,76.3,110.9,35.5,52.6,36,53,36,37.5,28.7,36.5,29.1
Tue,2023-10-17,Jestrabi,71.2,bulk,75.3,109.4,34.6,NA,NA,NA,NA,NA,NA,NA,NA
Wed,2023-10-18,Prague,71.2,bulk,76.8,110.3,35.7,NA,NA,NA,NA,NA,NA,NA,NA
Thu,2023-10-19,Prague,72.1,bulk,77.5,111.2,35.6,52.9,36.7,53.6,36.4,37.3,28.9,36.5,29.2
Fri,2023-10-20,Prague,71.5,bulk,76.3,110.8,35.8,53.2,36.6,53.3,36.1,37.5,29,36.7,29.2
Sat,2023-10-21,Prague,71.5,bulk,76.9,111.2,36.2,NA,NA,NA,NA,NA,NA,NA,NA
Sun,2023-10-22,Prague,71.8,bulk,76.8,111.2,35.6,NA,NA,NA,NA,NA,NA,NA,NA
Mon,2023-10-23,Prague,71.7,bulk,75.9,110.2,35.3,NA,NA,NA,NA,NA,NA,NA,NA
Tue,2023-10-24,Prague,72.1,bulk,77.3,111.2,35.9,NA,NA,NA,NA,NA,NA,NA,NA
Wed,2023-10-25,Prague,72.5,bulk,77.4,110.5,36,NA,NA,NA,NA,NA,NA,NA,NA
Thu,2023-10-26,Prague,72.6,bulk,77.2,111.2,35.9,NA,NA,NA,NA,NA,NA,NA,NA
Fri,2023-10-27,Prague,72.9,bulk,77.2,111.4,36,53.7,36.5,54.3,36.5,37.7,29.5,36.8,29.5
Sat,2023-10-28,Prague,72,bulk,77.2,109.6,35.9,53.2,36.7,54,36.3,37.7,28.9,36.7,29.2
Sun,2023-10-29,Prague,72.2,bulk,77.1,110.8,35.9,53.6,36.8,53.8,36.3,37.7,29.3,36.8,29.3
Mon,2023-10-30,Prague,72.2,bulk,NA,NA,NA,NA,NA,NA,NA,NA,NA,NA,NA
Tue,2023-10-31,Ponto_Delgado,NA,bulk,NA,NA,NA,NA,NA,NA,NA,NA,NA,NA,NA
Wed,2023-11-01,Ponto_Delgado,NA,bulk,NA,NA,NA,NA,NA,NA,NA,NA,NA,NA,NA
Thu,2023-11-02,Ponto_Delgado,NA,bulk,NA,NA,NA,NA,NA,NA,NA,NA,NA,NA,NA
Fri,2023-11-03,Ponto_Delgado,NA,bulk,NA,NA,NA,NA,NA,NA,NA,NA,NA,NA,NA
Sat,2023-11-04,Ponto_Delgado,NA,bulk,NA,NA,NA,NA,NA,NA,NA,NA,NA,NA,NA
Sun,2023-11-05,Ponto_Delgado,NA,bulk,NA,NA,NA,NA,NA,NA,NA,NA,NA,NA,NA
Mon,2023-11-06,Ponto_Delgado,NA,bulk,NA,NA,NA,NA,NA,NA,NA,NA,NA,NA,NA
Tue,2023-11-07,Prague,72.2,bulk,NA,NA,NA,NA,NA,NA,NA,NA,NA,NA,NA
Wed,2023-11-08,Prague,72.4,bulk,77.8,110.2,36.1,NA,NA,NA,NA,NA,NA,NA,NA
Thu,2023-11-09,Prague,72.2,bulk,77.2,110.7,36.2,NA,NA,NA,NA,NA,NA,NA,NA
Fri,2023-11-10,Prague,71.8,bulk,77.5,110.1,36,NA,NA,NA,NA,NA,NA,NA,NA
Sat,2023-11-11,Moravicany,NA,bulk,NA,NA,NA,NA,NA,NA,NA,NA,NA,NA,NA
Sun,2023-11-12,Moravicany,NA,bulk,NA,NA,NA,NA,NA,NA,NA,NA,NA,NA,NA
Mon,2023-11-13,Jestrabi,72.9,bulk,77.5,110.3,35.4,53.3,37.7,53.5,36.8,37.4,28.8,36.7,29
Tue,2023-11-14,Prague,72.6,bulk,77.5,111.2,36.2,NA,NA,NA,NA,NA,NA,NA,NA
Wed,2023-11-15,Prague,72.3,bulk,77,111.7,35.3,NA,NA,NA,NA,NA,NA,NA,NA
Thu,2023-11-16,Prague,72.1,bulk,76.9,112.2,35.6,NA,NA,NA,NA,NA,NA,NA,NA
Fri,2023-11-17,Prague,71.4,bulk,77.1,110.8,35.4,53.5,37,53.6,36.7,37.6,28.8,36.8,29
Sat,2023-11-18,Jestrabi,72.1,bulk,77,110.2,35.3,53.3,36.7,53.5,36.5,37.6,28.7,36.5,29.1
Sun,2023-11-19,Jestrabi,72.6,bulk,77,110.2,35.6,NA,NA,NA,NA,NA,NA,NA,NA
Mon,2023-11-20,Jestrabi,72.6,bulk,77,110.2,35.5,53.3,36.8,53.6,36.2,37.8,28.9,36.7,29.1
Tue,2023-11-21,Jestrabi,72.4,bulk,77.2,111.3,35.9,NA,NA,NA,NA,NA,NA,NA,NA
Wed,2023-11-22,Prague,72.1,bulk,77.2,111.8,35.8,NA,NA,NA,NA,NA,NA,NA,NA
Thu,2023-11-23,Prague,72.1,bulk,77.2,111.8,35.6,53.6,37,53.8,36.8,37.7,29.2,36.6,29.3
Fri,2023-11-24,Prague,71.7,bulk,76.5,112,35.5,53.8,36.8,53.8,36.7,37.6,29.2,36.8,29.3
Sat,2023-11-25,Prague,71.5,bulk,77,110.2,35.5,NA,NA,NA,NA,NA,NA,NA,NA
Sun,2023-11-26,Prague,71.8,bulk,76.9,111.8,35.6,NA,NA,NA,NA,NA,NA,NA,NA
Mon,2023-11-27,Prague,72.8,bulk,78.2,112.3,35.9,NA,NA,NA,NA,NA,NA,NA,NA
Tue,2023-11-28,Prague,72.9,bulk,78,112.2,36.3,53.8,37,54.2,36.7,38,29.1,36.9,29.4
Wed,2023-11-29,Prague,72.7,bulk,78,111.7,35.6,NA,NA,NA,NA,NA,NA,NA,NA
Thu,2023-11-30,Prague,72,bulk,77.6,111.3,35.3,NA,NA,NA,NA,NA,NA,NA,NA
Fri,2023-12-01,Prague,72.1,bulk,77.9,112.4,35.8,NA,NA,NA,NA,NA,NA,NA,NA
Sat,2023-12-02,Prague,72.7,bulk,77.5,110.4,36.4,NA,NA,NA,NA,NA,NA,NA,NA
Sun,2023-12-03,Prague,72,bulk,77.5,111.5,35.3,NA,NA,NA,NA,NA,NA,NA,NA
Mon,2023-12-04,Prague,72.1,bulk,77.6,110.5,35.7,NA,NA,NA,NA,NA,NA,NA,NA
Tue,2023-12-05,Prague,72.2,bulk,77,112,35.4,NA,NA,NA,NA,NA,NA,NA,NA
Wed,2023-12-06,Prague,72.2,bulk,77.5,112.8,36.1,NA,NA,NA,NA,NA,NA,NA,NA
Thu,2023-12-07,Prague,72,bulk,77.2,112.6,35.5,NA,NA,NA,NA,NA,NA,NA,NA
Fri,2023-12-08,Prague,72.2,bulk,77.5,112.8,35.6,53.9,36.8,54,36.8,37.7,29.3,36.6,29.3
Sat,2023-12-09,Prague,73.5,bulk,79.1,112.5,36.1,NA,NA,NA,NA,NA,NA,NA,NA
Sun,2023-12-10,Prague,73,bulk,77.2,111,35.9,NA,NA,NA,NA,NA,NA,NA,NA
Mon,2023-12-11,Prague,73.1,bulk,78,112.2,36,NA,NA,NA,NA,NA,NA,NA,NA
Tue,2023-12-12,Prague,72.8,bulk,77.6,113.2,36,NA,NA,NA,NA,NA,NA,NA,NA
Wed,2023-12-13,Prague,72.7,bulk,77.4,112.8,36.1,NA,NA,NA,NA,NA,NA,NA,NA
Thu,2023-12-14,Prague,72.9,bulk,77.5,112.6,35.7,NA,NA,NA,NA,NA,NA,NA,NA
Fri,2023-12-15,Prague,72.7,bulk,78.2,111.8,35.6,NA,NA,NA,NA,NA,NA,NA,NA
Sat,2023-12-16,Prague,72.4,bulk,78,112.4,36.1,NA,NA,NA,NA,NA,NA,NA,NA
Sun,2023-12-17,Prague,73,bulk,78.1,111.2,35.9,54,37,54.5,36.5,37.7,29.3,37.4,29.5
Mon,2023-12-18,Prague,72.6,bulk,77.2,111.9,36.2,NA,NA,NA,NA,NA,NA,NA,NA
Tue,2023-12-19,Prague,72.9,bulk,78,112.8,36.1,NA,NA,NA,NA,NA,NA,NA,NA
Wed,2023-12-20,Prague,72.7,bulk,77.3,112.3,35.9,NA,NA,NA,NA,NA,NA,NA,NA
Thu,2023-12-21,Prague,73.2,bulk,77.6,111.9,36.1,NA,NA,NA,NA,NA,NA,NA,NA
Fri,2023-12-22,Prague,72.1,bulk,77.4,112,35.9,NA,NA,NA,NA,NA,NA,NA,NA
Sat,2023-12-23,Jestrabi,73.1,bulk,77.6,112.1,35.9,NA,NA,NA,NA,NA,NA,NA,NA
Sun,2023-12-24,Jestrabi,72.9,bulk,77.5,112.5,35.5,NA,NA,NA,NA,NA,NA,NA,NA
Mon,2023-12-25,Jestrabi,73.1,bulk,78,112,35.5,NA,NA,NA,NA,NA,NA,NA,NA
Tue,2023-12-26,Jestrabi,73.8,bulk,78.6,112.4,35.9,53.6,37.3,54,36.4,38.5,29.1,37.5,29.6
Wed,2023-12-27,Jestrabi,73.5,bulk,77.5,112.1,35.9,53.7,37.1,54.4,37,38.5,29.1,37.5,29.3
Thu,2023-12-28,Jestrabi,73.1,bulk,77.1,112.2,35.5,54,37.2,54,36.6,38.4,29,37.4,29.2
Fri,2023-12-29,Jestrabi,74,bulk,78.4,112.4,36.3,54,37,54.2,36.6,38.5,29,37.7,29.4
Sat,2023-12-30,Jestrabi,74.1,bulk,79,112.3,35.6,NA,NA,NA,NA,NA,NA,NA,NA
Sun,2023-12-31,Jestrabi,74.1,bulk,78.1,111.9,36,NA,NA,NA,NA,NA,NA,NA,NA
Mon,2024-01-01,Moravicany,NA,bulk,NA,NA,NA,NA,NA,NA,NA,NA,NA,NA,NA
Tue,2024-01-02,Moravicany,NA,bulk,NA,NA,NA,NA,NA,NA,NA,NA,NA,NA,NA
Wed,2024-01-03,Prague,73.6,bulk,78.1,112.1,36.2,NA,NA,NA,NA,NA,NA,NA,NA
Thu,2024-01-04,Prague,73.3,bulk,78.1,112.1,36.2,NA,NA,NA,NA,NA,NA,NA,NA
Fri,2024-01-05,Prague,73.1,bulk,77.8,112.2,36,NA,NA,NA,NA,NA,NA,NA,NA
Sat,2024-01-06,Prague,72.9,bulk,78.4,112.3,36.1,NA,NA,NA,NA,NA,NA,NA,NA
Sun,2024-01-07,Prague,73.2,bulk,78,112.4,36.6,NA,NA,NA,NA,NA,NA,NA,NA
Mon,2024-01-08,Prague,73.4,bulk,78,112.7,36.3,NA,NA,NA,NA,NA,NA,NA,NA
Tue,2024-01-09,Prague,73,bulk,78.2,111.3,36.6,NA,NA,NA,NA,NA,NA,NA,NA
Wed,2024-01-10,Prague,72.6,bulk,78,112.2,36.7,NA,NA,NA,NA,NA,NA,NA,NA
Thu,2024-01-11,Prague,72.9,bulk,78.2,112,36.7,NA,NA,NA,NA,NA,NA,NA,NA
Fri,2024-01-12,Prague,73.3,bulk,78.5,110.7,36.7,NA,NA,NA,NA,NA,NA,NA,NA
Sat,2024-01-13,Prague,73.3,bulk,77.6,111.3,37.2,NA,NA,NA,NA,NA,NA,NA,NA
Sun,2024-01-14,Prague,73.7,bulk,79,111.2,36.5,NA,NA,NA,NA,NA,NA,NA,NA
Mon,2024-01-15,Prague,72.6,bulk,77.1,112.5,36.5,NA,NA,NA,NA,NA,NA,NA,NA
Tue,2024-01-16,Prague,72.2,bulk,77.6,111,37,53.8,36.8,53.5,36.6,38,29.1,37.7,29.3
Wed,2024-01-17,Prague,72.3,bulk,78.1,111.2,36.2,NA,NA,NA,NA,NA,NA,NA,NA
Thu,2024-01-18,Prague,73.2,bulk,78,111.2,36.5,NA,NA,NA,NA,NA,NA,NA,NA
Fri,2024-01-19,Prague,73.1,bulk,78.2,111.3,36.2,NA,NA,NA,NA,NA,NA,NA,NA
Sat,2024-01-20,Moravicany,NA,bulk,NA,NA,NA,NA,NA,NA,NA,NA,NA,NA,NA
Sun,2024-01-21,Jestrabi,73.9,bulk,78.7,111.3,36.1,NA,NA,NA,NA,NA,NA,NA,NA
Mon,2024-01-22,Jestrabi,73.6,bulk,77.6,111.3,35.6,NA,NA,NA,NA,NA,NA,NA,NA
Tue,2024-01-23,Prague,73.4,bulk,78.4,111.5,36.5,NA,NA,NA,NA,NA,NA,NA,NA
Wed,2024-01-24,Prague,73.5,bulk,77.8,110.6,36.7,NA,NA,NA,NA,NA,NA,NA,NA
Thu,2024-01-25,Prague,73.8,bulk,78,111.3,36.6,NA,NA,NA,NA,NA,NA,NA,NA
Fri,2024-01-26,Prague,73.9,bulk,78.5,111.5,36.7,NA,NA,NA,NA,NA,NA,NA,NA
Sat,2024-01-27,Prague,74,bulk,78,111.8,36.6,NA,NA,NA,NA,NA,NA,NA,NA
Sun,2024-01-28,Prague,74.2,bulk,78.5,111.7,37,NA,NA,NA,NA,NA,NA,NA,NA
Mon,2024-01-29,Prague,73.9,bulk,78.5,112.3,36.4,NA,NA,NA,NA,NA,NA,NA,NA
Tue,2024-01-30,Prague,73.8,bulk,78.4,112,36.1,NA,NA,NA,NA,NA,NA,NA,NA
Wed,2024-01-31,Prague,74,bulk,78.2,112.3,36.3,NA,NA,NA,NA,NA,NA,NA,NA
Thu,2024-02-01,Prague,74.3,bulk,78.6,112.3,36.3,NA,NA,NA,NA,NA,NA,NA,NA
Fri,2024-02-02,Prague,75.2,bulk,78.5,112.7,36.6,NA,NA,NA,NA,NA,NA,NA,NA
Sat,2024-02-03,Prague,74.6,bulk,78.2,112.5,36.8,NA,NA,NA,NA,NA,NA,NA,NA
Sun,2024-02-04,Prague,73.6,bulk,78.1,112.7,36.2,NA,NA,NA,NA,NA,NA,NA,NA
Mon,2024-02-05,Prague,73.9,bulk,78.2,112.8,36.1,NA,NA,NA,NA,NA,NA,NA,NA
Tue,2024-02-06,Prague,74.1,bulk,78.3,113.3,36.5,NA,NA,NA,NA,NA,NA,NA,NA
Wed,2024-02-07,Prague,74.4,bulk,78.4,112.7,36.1,NA,NA,NA,NA,NA,NA,NA,NA
Thu,2024-02-08,Prague,75,bulk,78.8,113.3,36.7,NA,NA,NA,NA,NA,NA,NA,NA
Fri,2024-02-09,Prague,74.6,bulk,78,112.9,36.7,NA,NA,NA,NA,NA,NA,NA,NA
Sat,2024-02-10,Moravicany,NA,bulk,NA,NA,NA,NA,NA,NA,NA,NA,NA,NA,NA
Sun,2024-02-11,Moravicany,NA,bulk,NA,NA,NA,NA,NA,NA,NA,NA,NA,NA,NA
Mon,2024-02-12,Moravicany,NA,bulk,NA,NA,NA,NA,NA,NA,NA,NA,NA,NA,NA
Tue,2024-02-13,Prague,73.9,bulk,77.6,113.6,36.5,NA,NA,NA,NA,NA,NA,NA,NA
Wed,2024-02-14,Prague,74.2,bulk,78,113.1,36.7,NA,NA,NA,NA,NA,NA,NA,NA
Thu,2024-02-15,Prague,73.4,bulk,78.3,113.6,36.5,NA,NA,NA,NA,NA,NA,NA,NA
Fri,2024-02-16,Prague,74.1,bulk,78.1,113.1,36.5,NA,NA,NA,NA,NA,NA,NA,NA
Sat,2024-02-17,Prague,74.3,bulk,78.3,113.7,36.3,NA,NA,NA,NA,NA,NA,NA,NA
Sun,2024-02-18,Prague,75.5,bulk,79.5,113.7,36.5,56,37.7,56.5,37.1,39,29.5,38.5,29.2
Mon,2024-02-19,Prague,74.6,bulk,78.4,113.8,36.3,NA,NA,NA,NA,NA,NA,NA,NA
Tue,2024-02-20,Prague,74.5,bulk,78.5,113.3,36.3,NA,NA,NA,NA,NA,NA,NA,NA
Wed,2024-02-21,Prague,75,bulk,78.5,112.9,36.5,NA,NA,NA,NA,NA,NA,NA,NA
Thu,2024-02-22,Prague,75.6,bulk,79.5,113.2,36.7,NA,NA,NA,NA,NA,NA,NA,NA
Fri,2024-02-23,Prague,75.3,bulk,78.5,113.7,36.5,NA,NA,NA,NA,NA,NA,NA,NA
Sat,2024-02-24,Prague,74.5,bulk,79.2,112.9,36.6,NA,NA,NA,NA,NA,NA,NA,NA
Sun,2024-02-25,Prague,74.5,bulk,78.5,112.7,36.3,NA,NA,NA,NA,NA,NA,NA,NA
Mon,2024-02-26,Prague,74.7,bulk,78.4,112.8,36.1,NA,NA,NA,NA,NA,NA,NA,NA
Tue,2024-02-27,Prague,75.3,bulk,79.5,112.5,36.2,NA,NA,NA,NA,NA,NA,NA,NA
Wed,2024-02-28,Prague,74.9,bulk,78.5,112.7,36.4,NA,NA,NA,NA,NA,NA,NA,NA
Thu,2024-02-29,Prague,75.1,bulk,79.3,112.8,36.5,NA,NA,NA,NA,NA,NA,NA,NA
Fri,2024-03-01,Prague,75.3,bulk,79.3,112.4,36,NA,NA,NA,NA,NA,NA,NA,NA
Sat,2024-03-02,Moravicany,NA,bulk,NA,NA,NA,NA,NA,NA,NA,NA,NA,NA,NA
Sun,2024-03-03,Jestrabi,75.7,bulk,78.8,111.5,35.9,55,37,55.5,36.5,38.3,29,37.7,29.3
Mon,2024-03-04,Jestrabi,75.6,bulk,78.5,112.5,35.7,55,37,55.5,36.7,38.5,29.2,37.7,29.3
Tue,2024-03-05,Jestrabi,75.7,bulk,79.5,112.2,36.5,NA,NA,NA,NA,NA,NA,NA,NA
Wed,2024-03-06,Prague,74.6,bulk,79.5,112.3,36.5,NA,NA,NA,NA,NA,NA,NA,NA
Thu,2024-03-07,Prague,75.3,bulk,79.5,112.4,36.5,NA,NA,NA,NA,NA,NA,NA,NA
Fri,2024-03-08,Prague,75.1,bulk,79.8,112.5,36.8,NA,NA,NA,NA,NA,NA,NA,NA
Sat,2024-03-09,Prague,75.3,bulk,80,113,36.7,NA,NA,NA,NA,NA,NA,NA,NA
Sun,2024-03-10,Prague,75,bulk,79.5,112.9,36.2,NA,NA,NA,NA,NA,NA,NA,NA
Mon,2024-03-11,Prague,75.6,bulk,79.5,112.5,37.1,NA,NA,NA,NA,NA,NA,NA,NA
Tue,2024-03-12,Prague,75.1,bulk,79.5,112.5,36.8,NA,NA,NA,NA,NA,NA,NA,NA
Wed,2024-03-13,Prague,75.3,bulk,79.8,112.2,36,NA,NA,NA,NA,NA,NA,NA,NA
Thu,2024-03-14,Prague,75.8,bulk,80.4,112.6,36.5,NA,NA,NA,NA,NA,NA,NA,NA
Fri,2024-03-15,Prague,75.5,bulk,80.2,112.7,36.8,NA,NA,NA,NA,NA,NA,NA,NA
Sat,2024-03-16,Jestrabi,75.9,bulk,79,112.3,36.1,NA,NA,NA,NA,NA,NA,NA,NA
Sun,2024-03-17,Jestrabi,75.4,bulk,79.3,112.3,35.9,NA,NA,NA,NA,NA,NA,NA,NA
Mon,2024-03-18,Jestrabi,75.6,bulk,79.8,112.2,35.6,NA,NA,NA,NA,NA,NA,NA,NA
Tue,2024-03-19,Jestrabi,75.2,bulk,79.2,112.1,35.5,NA,NA,NA,NA,NA,NA,NA,NA
Wed,2024-03-20,Jestrabi,75.2,bulk,79,112.5,35.5,55.3,36.8,55.5,36.5,38.3,29.1,37.7,29.1
Thu,2024-03-21,Jestrabi,75.7,bulk,79.5,112.5,35.4,NA,NA,NA,NA,NA,NA,NA,NA
Fri,2024-03-22,Prague,75.2,bulk,78.7,113.1,36.5,NA,NA,NA,NA,NA,NA,NA,NA
Sat,2024-03-23,Prague,75.8,bulk,80.2,111,36.5,NA,NA,NA,NA,NA,NA,NA,NA
Sun,2024-03-24,Prague,75.5,bulk,80,112,36.3,NA,NA,NA,NA,NA,NA,NA,NA
Mon,2024-03-25,Prague,75.4,bulk,80.1,112.5,36.5,NA,NA,NA,NA,NA,NA,NA,NA
Tue,2024-03-26,Prague,76.1,bulk,80.3,112,36.3,NA,NA,NA,NA,NA,NA,NA,NA
Wed,2024-03-27,Prague,75.6,bulk,80.5,112.1,37,NA,NA,NA,NA,NA,NA,NA,NA
Thu,2024-03-28,Prague,75.2,bulk,80,112.6,36.5,NA,NA,NA,NA,NA,NA,NA,NA
Fri,2024-03-29,Prague,75.7,bulk,80,113.1,36.3,NA,NA,NA,NA,NA,NA,NA,NA
Sat,2024-03-30,Moravicany,NA,bulk,NA,NA,NA,NA,NA,NA,NA,NA,NA,NA,NA
Sun,2024-03-31,Moravicany,NA,bulk,NA,NA,NA,NA,NA,NA,NA,NA,NA,NA,NA
Mon,2024-04-01,Moravicany,NA,bulk,NA,NA,NA,NA,NA,NA,NA,NA,NA,NA,NA
Tue,2024-04-02,Moravicany,NA,bulk,NA,NA,NA,NA,NA,NA,NA,NA,NA,NA,NA
Wed,2024-04-03,Prague,76,bulk,81,112.2,36.4,NA,NA,NA,NA,NA,NA,NA,NA
Thu,2024-04-04,Prague,75.6,bulk,79.6,111.1,37,NA,NA,NA,NA,NA,NA,NA,NA
Fri,2024-04-05,Prague,76.7,bulk,80.9,111.5,36.7,NA,NA,NA,NA,NA,NA,NA,NA
Sat,2024-04-06,Prague,75.9,bulk,80.8,112.3,36.8,NA,NA,NA,NA,NA,NA,NA,NA
Sun,2024-04-07,Prague,75.4,bulk,80.5,112.6,36.7,NA,NA,NA,NA,NA,NA,NA,NA
Mon,2024-04-08,Prague,75.9,bulk,80.5,111.1,36.7,NA,NA,NA,NA,NA,NA,NA,NA
Tue,2024-04-09,Prague,75.8,bulk,79.9,113.5,36.3,NA,NA,NA,NA,NA,NA,NA,NA
Wed,2024-04-10,Prague,75.7,bulk,80.2,112.6,36.3,NA,NA,NA,NA,NA,NA,NA,NA
Thu,2024-04-11,Prague,75.2,bulk,79.7,113.2,36.3,NA,NA,NA,NA,NA,NA,NA,NA
Fri,2024-04-12,Prague,76.3,bulk,81.2,114,36.7,NA,NA,NA,NA,NA,NA,NA,NA
Sat,2024-04-13,Jestrabi,75.8,bulk,79.5,112.3,35.7,55.5,36.7,55.6,36.7,37.8,29.2,36.4,29.2
Sun,2024-04-14,Jestrabi,76.3,bulk,80.9,112.2,35.5,NA,NA,NA,NA,NA,NA,NA,NA
Mon,2024-04-15,Jestrabi,76.3,bulk,81.2,112.5,36,NA,NA,NA,NA,NA,NA,NA,NA
Tue,2024-04-16,Jestrabi,75.8,bulk,80,112.6,35.6,NA,NA,NA,NA,NA,NA,NA,NA
Wed,2024-04-17,Prague,75.3,bulk,81.2,114,36.7,NA,NA,NA,NA,NA,NA,NA,NA
Thu,2024-04-18,Prague,76.3,bulk,80.8,113,36.5,NA,NA,NA,NA,NA,NA,NA,NA
Fri,2024-04-19,Prague,76.6,bulk,81.9,112.6,36.7,NA,NA,NA,NA,NA,NA,NA,NA
Sat,2024-04-20,Prague,76.1,bulk,81.9,112.7,36.7,NA,NA,NA,NA,NA,NA,NA,NA
Sun,2024-04-21,Prague,76.7,bulk,81.3,113.1,36.4,NA,NA,NA,NA,NA,NA,NA,NA
Mon,2024-04-22,Prague,75,bulk,80.5,112,36.4,56.3,37.2,56.2,37.2,38.2,29.2,36.6,29.2
Tue,2024-04-23,Prague,75.6,bulk,81.2,113.2,36.8,56.2,37.7,56.2,37.2,38.3,29.2,37.1,29.3
Wed,2024-04-24,Prague,76.4,bulk,81.7,111.8,36.4,NA,NA,NA,NA,NA,NA,NA,NA
Thu,2024-04-25,Prague,76.6,bulk,82.1,112.4,36.3,NA,NA,NA,NA,NA,NA,NA,NA
Fri,2024-04-26,Prague,76.7,bulk,81,114,36.6,NA,NA,NA,NA,NA,NA,NA,NA
Sat,2024-04-27,Prague,76.8,bulk,82.5,111.1,36.5,NA,NA,NA,NA,NA,NA,NA,NA
Sun,2024-04-28,Moravicany,NA,bulk,NA,NA,NA,NA,NA,NA,NA,NA,NA,NA,NA
Mon,2024-04-29,Moravicany,NA,bulk,NA,NA,NA,NA,NA,NA,NA,NA,NA,NA,NA
Tue,2024-04-30,Prague,76.3,bulk,81.6,113.2,36.1,NA,NA,NA,NA,NA,NA,NA,NA
Wed,2024-05-01,Prague,76.2,bulk,81.2,108.6,36.6,NA,NA,NA,NA,NA,NA,NA,NA
Thu,2024-05-02,Prague,76.3,bulk,80.8,110.6,36.6,NA,NA,NA,NA,NA,NA,NA,NA
Fri,2024-05-03,Jestrabi,76.5,bulk,79.9,109,35.9,NA,NA,NA,NA,NA,NA,NA,NA
Sat,2024-05-04,Jestrabi,76.1,bulk,80.5,112.3,35.9,56,37.7,56,37.2,36.9,29.1,36.5,29.2
Sun,2024-05-05,Jestrabi,75.6,bulk,79.6,110.6,35.6,NA,NA,NA,NA,NA,NA,NA,NA
Mon,2024-05-06,Prague,76,bulk,80.8,112.5,36.3,NA,NA,NA,NA,NA,NA,NA,NA
Tue,2024-05-07,Prague,76.5,bulk,82,110,36.3,NA,NA,NA,NA,NA,NA,NA,NA
Wed,2024-05-08,Prague,77.6,bulk,82.7,111.2,37,NA,NA,NA,NA,NA,NA,NA,NA
Thu,2024-05-09,Prague,77.3,bulk,81,111.5,36.5,NA,NA,NA,NA,NA,NA,NA,NA
Fri,2024-05-10,Moravicany,NA,bulk,NA,NA,NA,NA,NA,NA,NA,NA,NA,NA,NA
Sat,2024-05-11,Jestrabi,77,bulk,81.1,110.1,35.9,NA,NA,NA,NA,NA,NA,NA,NA
Sun,2024-05-12,Jestrabi,76.8,bulk,81.2,112.6,35.8,NA,NA,NA,NA,NA,NA,NA,NA
Mon,2024-05-13,Jestrabi,77,bulk,79.5,112.1,36,NA,NA,NA,NA,NA,NA,NA,NA
Tue,2024-05-14,Prague,76.1,bulk,80.3,113.1,36.3,NA,NA,NA,NA,NA,NA,NA,NA
Wed,2024-05-15,Prague,76.7,bulk,80.6,111.2,36.5,NA,NA,NA,NA,NA,NA,NA,NA
Thu,2024-05-16,Prague,77.3,bulk,81.1,112.2,36.3,NA,NA,NA,NA,NA,NA,NA,NA
Fri,2024-05-17,Prague,77,bulk,81.3,112.6,36.4,NA,NA,NA,NA,NA,NA,NA,NA
Sat,2024-05-18,Prague,76.6,bulk,80.9,112.8,36.2,NA,NA,NA,NA,NA,NA,NA,NA
Sun,2024-05-19,Prague,76.7,bulk,80.7,113.7,36.7,NA,NA,NA,NA,NA,NA,NA,NA
Mon,2024-05-20,Prague,77.1,bulk,81.8,113.2,36.6,NA,NA,NA,NA,NA,NA,NA,NA
Tue,2024-05-21,Prague,77.5,bulk,82.5,112.8,36.3,NA,NA,NA,NA,NA,NA,NA,NA
Wed,2024-05-22,Prague,77.2,bulk,80.9,113.6,36.3,NA,NA,NA,NA,NA,NA,NA,NA
Thu,2024-05-23,Prague,77,bulk,NA,NA,NA,NA,NA,NA,NA,NA,NA,NA,NA
Fri,2024-05-24,Prague,76.9,bulk,81.2,112.5,36.3,NA,NA,NA,NA,NA,NA,NA,NA
Sat,2024-05-25,Moravicany,NA,bulk,NA,NA,NA,NA,NA,NA,NA,NA,NA,NA,NA
Sun,2024-05-26,Moravicany,NA,bulk,NA,NA,NA,NA,NA,NA,NA,NA,NA,NA,NA
Mon,2024-05-27,Jestrabi,77.3,bulk,81.5,112,35.5,NA,NA,NA,NA,NA,NA,NA,NA
Tue,2024-05-28,Jestrabi,77.4,bulk,81,112.4,35.9,56.6,37.8,56.6,37.4,37.6,29.4,36.6,29.3
Wed,2024-05-29,Prague,77.6,bulk,82.3,113.5,36.7,NA,NA,NA,NA,NA,NA,NA,NA
Thu,2024-05-30,Prague,77.5,bulk,81.9,112.6,36.4,NA,NA,NA,NA,NA,NA,NA,NA
Fri,2024-05-31,Prague,77.5,bulk,82.2,112.2,36.4,56.8,NA,56.8,NA,NA,NA,NA,NA
Sat,2024-06-01,Prague,77.2,bulk,82.4,112.2,36.7,NA,NA,NA,NA,NA,NA,NA,NA
Sun,2024-06-02,Prague,78,bulk,83,111.8,36.9,NA,NA,NA,NA,NA,NA,NA,NA
Mon,2024-06-03,Prague,77.7,bulk,82.8,112.5,36.8,NA,NA,NA,NA,NA,NA,NA,NA
Tue,2024-06-04,Prague,77.5,bulk,82.7,111.2,37.1,NA,NA,NA,NA,NA,NA,NA,NA
Wed,2024-06-05,Moravicany,NA,bulk,NA,NA,NA,NA,NA,NA,NA,NA,NA,NA,NA
Thu,2024-06-06,Prague,77.9,bulk,83.1,112.2,36.7,NA,NA,NA,NA,NA,NA,NA,NA
Fri,2024-06-07,Prague,78.1,bulk,82.1,112.6,37,NA,NA,NA,NA,NA,NA,NA,NA
Sat,2024-06-08,Jestrabi,78,bulk,81.6,112.8,36.4,NA,NA,NA,NA,NA,NA,NA,NA
Sun,2024-06-09,Jestrabi,78.5,bulk,83,111,35.8,NA,NA,NA,NA,NA,NA,NA,NA
Mon,2024-06-10,Prague,78,bulk,82.6,112.5,37,NA,NA,NA,NA,NA,NA,NA,NA
Tue,2024-06-11,Prague,77.5,bulk,82.5,112.3,36.5,NA,NA,NA,NA,NA,NA,NA,NA
Wed,2024-06-12,Prague,78.1,bulk,83,112,36.5,NA,NA,NA,NA,NA,NA,NA,NA
Thu,2024-06-13,Prague,78.6,bulk,83.3,114,36.7,NA,NA,NA,NA,NA,NA,NA,NA
Fri,2024-06-14,Prague,78.4,bulk,82.5,113.7,36.9,NA,NA,NA,NA,NA,NA,NA,NA
Sat,2024-06-15,Jestrabi,78.4,bulk,82.6,113.5,36.2,57,37.5,57.3,37.2,38,29.4,37,29.6
Sun,2024-06-16,Jestrabi,78.1,bulk,81.9,114.3,35.8,NA,NA,NA,NA,NA,NA,NA,NA
Mon,2024-06-17,Jestrabi,77.9,bulk,81.3,113.2,35.9,NA,NA,NA,NA,NA,NA,NA,NA
Tue,2024-06-18,Jestrabi,78.7,bulk,82.9,112.5,36.1,NA,NA,NA,NA,NA,NA,NA,NA
Wed,2024-06-19,Jestrabi,78.8,bulk,83.4,114.1,35.8,NA,NA,NA,NA,NA,NA,NA,NA
Thu,2024-06-20,Prague,78.2,bulk,83.4,113.8,37.2,NA,NA,NA,NA,NA,NA,NA,NA
Fri,2024-06-21,Prague,78.8,bulk,84,113.3,36.2,NA,NA,NA,NA,NA,NA,NA,NA
Sat,2024-06-22,Prague,78.6,bulk,83.6,115,36.7,NA,NA,NA,NA,NA,NA,NA,NA
Sun,2024-06-23,Prague,77.8,bulk,84,114.3,36.4,NA,NA,NA,NA,NA,NA,NA,NA
Mon,2024-06-24,Prague,79.1,bulk,84,113,37.2,NA,NA,NA,NA,NA,NA,NA,NA
Tue,2024-06-25,Prague,79,bulk,83.5,114.7,37,NA,NA,NA,NA,NA,NA,NA,NA
Wed,2024-06-26,Prague,78.6,bulk,NA,NA,NA,NA,NA,NA,NA,NA,NA,NA,NA
Thu,2024-06-27,Prague,78.5,bulk,84.1,112.5,37.2,NA,NA,NA,NA,NA,NA,NA,NA
Fri,2024-06-28,Prague,78.3,bulk,83,114,37.1,NA,NA,NA,NA,NA,NA,NA,NA
Sat,2024-06-29,Prague,78.1,bulk,84,114,36.9,NA,NA,NA,NA,NA,NA,NA,NA
Sun,2024-06-30,Prague,78.2,bulk,84,114.5,36.5,NA,NA,NA,NA,NA,NA,NA,NA
Mon,2024-07-01,Prague,78.4,bulk,84.2,114.2,37.2,NA,NA,NA,NA,NA,NA,NA,NA
Tue,2024-07-02,Prague,78.9,bulk,84.5,114.1,36.8,NA,NA,NA,NA,NA,NA,NA,NA
Wed,2024-07-03,Prague,78.6,bulk,83.5,114.2,37.5,NA,NA,NA,NA,NA,NA,NA,NA
Thu,2024-07-04,Prague,79.3,bulk,84.2,114,37.2,NA,NA,NA,NA,NA,NA,NA,NA
Fri,2024-07-05,Jestrabi,79.5,bulk,84,112.2,36.2,57.7,37.5,58.1,37.3,38.5,29.5,37.3,29.5
Sat,2024-07-06,Jestrabi,79.2,bulk,84.2,114.3,35.9,NA,NA,NA,NA,NA,NA,NA,NA
Sun,2024-07-07,Jestrabi,78.6,bulk,84.5,112.5,36,NA,NA,NA,NA,NA,NA,NA,NA
Mon,2024-07-08,Prague,78.6,bulk,84,113.5,37,NA,NA,NA,NA,NA,NA,NA,NA
Tue,2024-07-09,Prague,78.4,bulk,83.6,114.3,36.7,NA,NA,NA,NA,NA,NA,NA,NA
Wed,2024-07-10,Prague,77.5,bulk,82.8,112.5,36.7,NA,NA,NA,NA,NA,NA,NA,NA
Thu,2024-07-11,Prague,77.5,bulk,83,113.3,36.7,NA,NA,NA,NA,NA,NA,NA,NA
Fri,2024-07-12,Moravicany,NA,bulk,NA,NA,NA,NA,NA,NA,NA,NA,NA,NA,NA
Sat,2024-07-13,Zabestni_Lhota,NA,bulk,NA,NA,NA,NA,NA,NA,NA,NA,NA,NA,NA
Sun,2024-07-14,Prague,77.8,cut,84.3,113.7,36.7,57.5,37.7,57.6,37.2,38.3,29.5,37.5,29.6
Mon,2024-07-15,Prague,77.3,cut,82.3,113,36.7,NA,NA,NA,NA,NA,NA,NA,NA
Tue,2024-07-16,Prague,77.1,cut,83.3,112.7,36.3,NA,NA,NA,NA,NA,NA,NA,NA
Wed,2024-07-17,Prague,76.9,cut,83.6,114.2,36,NA,NA,NA,NA,NA,NA,NA,NA
Thu,2024-07-18,Prague,76.8,cut,83.2,113.5,36.2,NA,NA,NA,NA,NA,NA,NA,NA
Fri,2024-07-19,Prague,76.6,cut,82.2,112.5,36.2,NA,NA,NA,NA,NA,NA,NA,NA
Sat,2024-07-20,Prague,76.3,cut,82.5,112.7,36.5,NA,NA,NA,NA,NA,NA,NA,NA
Sun,2024-07-21,Prague,75.7,cut,82.8,112.3,36.8,NA,NA,NA,NA,NA,NA,NA,NA
Mon,2024-07-22,Prague,75,cut,81.2,111.4,35.7,NA,NA,NA,NA,NA,NA,NA,NA
Tue,2024-07-23,Prague,75.3,cut,81.8,112.8,36.5,NA,NA,NA,NA,NA,NA,NA,NA
Wed,2024-07-24,Prague,74.8,cut,81.6,111.3,35.7,NA,NA,NA,NA,NA,NA,NA,NA
Thu,2024-07-25,Jestrabi,75.3,cut,81.3,109.4,34.7,NA,NA,NA,NA,NA,NA,NA,NA
Fri,2024-07-26,Jestrabi,74.9,cut,81,111.5,35.7,NA,NA,NA,NA,NA,NA,NA,NA
Sat,2024-07-27,Jestrabi,75.6,cut,81,112.2,35.4,NA,NA,NA,NA,NA,NA,NA,NA
Sun,2024-07-28,Jestrabi,75.2,cut,81,111.8,34.7,NA,NA,NA,NA,NA,NA,NA,NA
Mon,2024-07-29,Jestrabi,75,cut,80.6,112.2,35.8,NA,NA,NA,NA,NA,NA,NA,NA
Tue,2024-07-30,Jestrabi,75.1,cut,80.5,111.5,35.6,NA,NA,NA,NA,NA,NA,NA,NA
Wed,2024-07-31,Jestrabi,74.9,cut,80.6,112.1,35.6,NA,NA,NA,NA,NA,NA,NA,NA
Thu,2024-08-01,Moravicany,73.9,cut,80.8,111.8,35.7,NA,NA,NA,NA,NA,NA,NA,NA
Fri,2024-08-02,Moravicany,74.2,cut,81,112.6,35.3,NA,NA,NA,NA,NA,NA,NA,NA
Sat,2024-08-03,Moravicany,74.5,cut,81.8,112.5,35.4,NA,NA,NA,NA,NA,NA,NA,NA
Sun,2024-08-04,Moravicany,74,cut,81.3,111.9,35.4,NA,NA,NA,NA,NA,NA,NA,NA
Mon,2024-08-05,Moravicany,73.4,cut,80.5,111.8,35.3,NA,NA,NA,NA,NA,NA,NA,NA
Tue,2024-08-06,Moravicany,73.2,cut,79.8,111.5,35.4,NA,NA,NA,NA,NA,NA,NA,NA
Wed,2024-08-07,Moravicany,73.4,cut,79.5,111.5,35.8,NA,NA,NA,NA,NA,NA,NA,NA
Thu,2024-08-08,Moravicany,73,cut,79.6,111.6,35.5,NA,NA,NA,NA,NA,NA,NA,NA
Fri,2024-08-09,Moravicany,74,cut,80,112,35.5,NA,NA,NA,NA,NA,NA,NA,NA
Sat,2024-08-10,Moravicany,73.8,cut,80,112,35.4,NA,NA,NA,NA,NA,NA,NA,NA
Sun,2024-08-11,Moravicany,73.5,cut,79.8,111.8,36.1,NA,NA,NA,NA,NA,NA,NA,NA
Mon,2024-08-12,Moravicany,72.8,cut,80.2,111.6,35.5,NA,NA,NA,NA,NA,NA,NA,NA
Tue,2024-08-13,Moravicany,72.9,cut,78.6,110.5,35.3,NA,NA,NA,NA,NA,NA,NA,NA
Wed,2024-08-14,Moravicany,72.6,cut,78.6,110.7,35.2,NA,NA,NA,NA,NA,NA,NA,NA
Thu,2024-08-15,Moravicany,72.5,cut,78.5,111.1,35.3,NA,NA,NA,NA,NA,NA,NA,NA
Fri,2024-08-16,Moravicany,72.2,cut,78.1,110.5,35,55,36.8,55.1,36.5,37,29,36.2,29.2
Sat,2024-08-17,Moravicany,71.4,cut,77,110.5,35.7,NA,NA,NA,NA,NA,NA,NA,NA
Sun,2024-08-18,Moravicany,71.5,cut,78,110.5,34.9,NA,NA,NA,NA,NA,NA,NA,NA
Mon,2024-08-19,Moravicany,71.7,cut,77.7,109.7,35.2,NA,NA,NA,NA,NA,NA,NA,NA
Tue,2024-08-20,Moravicany,72.4,cut,78.5,109.7,35.3,NA,NA,NA,NA,NA,NA,NA,NA
Wed,2024-08-21,Sternberk,NA,cut,NA,NA,NA,NA,NA,NA,NA,NA,NA,NA,NA
Thu,2024-08-22,Moravicany,71.9,cut,77.2,109.5,35,NA,NA,NA,NA,NA,NA,NA,NA
Fri,2024-08-23,Moravicany,71.5,cut,76.5,108.5,35.2,54.5,37,54.6,36.5,36.3,28.6,35.8,28.8
Sat,2024-08-24,Moravicany,71.4,cut,78.1,109.5,35,NA,NA,NA,NA,NA,NA,NA,NA
Sun,2024-08-25,Moravicany,70.7,cut,77.4,109.7,NA,NA,NA,NA,NA,NA,NA,NA,NA
Mon,2024-08-26,Moravicany,70.7,cut,77.2,109.7,NA,NA,NA,NA,NA,NA,NA,NA,NA
Tue,2024-08-27,Moravicany,70.3,cut,75.5,109.2,NA,NA,NA,NA,NA,NA,NA,NA,NA
Wed,2024-08-28,Moravicany,70.7,cut,76.6,109.5,NA,NA,NA,NA,NA,NA,NA,NA,NA
Thu,2024-08-29,Moravicany,69.9,cut,75.5,108.7,NA,NA,NA,NA,NA,NA,NA,NA,NA
Fri,2024-08-30,Moravicany,70.7,cut,76.9,108.7,NA,NA,NA,NA,NA,NA,NA,NA,NA
Sat,2024-08-31,Moravicany,70.2,cut,76.7,109.5,NA,NA,NA,NA,NA,NA,NA,NA,NA
Sun,2024-09-01,Moravicany,69.8,cut,76.5,109.7,NA,NA,NA,NA,NA,NA,NA,NA,NA
Mon,2024-09-02,Moravicany,69.7,cut,75.8,108.6,NA,NA,NA,NA,NA,NA,NA,NA,NA
Tue,2024-09-03,Moravicany,69.2,cut,75.1,108.3,NA,NA,NA,NA,NA,NA,NA,NA,NA
Wed,2024-09-04,Moravicany,69.2,cut,75.6,108,NA,NA,NA,NA,NA,NA,NA,NA,NA
Thu,2024-09-05,Moravicany,69.5,cut,76.1,108.3,34.6,52.8,36.8,53.5,35.8,36.2,28.4,35.1,28.7
Fri,2024-09-06,Moravicany,69,cut,75.5,107.8,NA,NA,NA,NA,NA,NA,NA,NA,NA
Sat,2024-09-07,Moravicany,69.3,cut,75.5,109,NA,NA,NA,NA,NA,NA,NA,NA,NA
Sun,2024-09-08,Moravicany,69.1,cut,74.2,107.7,NA,NA,NA,NA,NA,NA,NA,NA,NA
Mon,2024-09-09,Moravicany,69.5,maintain,75.5,108.3,NA,53.3,36.5,53.3,36.2,NA,NA,NA,NA
Tue,2024-09-10,Moravicany,69.9,maintain,75.1,109.3,NA,NA,NA,NA,NA,NA,NA,NA,NA
Wed,2024-09-11,Moravicany,69.9,maintain,74.5,109.4,34.2,53.5,36.7,53.7,35.8,36.3,28.5,35.8,28.7
Thu,2024-09-12,Moravicany,68.8,maintain,74.3,108.7,NA,NA,NA,NA,NA,NA,NA,NA,NA
Fri,2024-09-13,Moravicany,69.1,maintain,75.5,108.5,NA,NA,NA,NA,NA,NA,NA,NA,NA
Sat,2024-09-14,Moravicany,68.4,maintain,74.1,109.5,NA,NA,NA,NA,NA,NA,NA,NA,NA
Sun,2024-09-15,Prague,68.3,maintain,74.1,108.5,NA,NA,NA,NA,NA,NA,NA,NA,NA
Mon,2024-09-16,Prague,69,maintain,74.5,107.7,NA,NA,NA,NA,NA,NA,NA,NA,NA
Tue,2024-09-17,Prague,69.1,maintain,74.5,108.6,NA,NA,NA,NA,NA,NA,NA,NA,NA
Wed,2024-09-18,Prague,69.3,maintain,74.5,109.5,NA,NA,NA,NA,NA,NA,NA,NA,NA
Thu,2024-09-19,Moravicany,68.5,maintain,NA,NA,NA,NA,NA,NA,NA,NA,NA,NA,NA
Fri,2024-09-20,Prague,69.5,maintain,75,109.2,NA,NA,NA,NA,NA,NA,NA,NA,NA
Sat,2024-09-21,Prague,69.1,maintain,74.1,108.6,NA,NA,NA,NA,NA,NA,NA,NA,NA
Sun,2024-09-22,Prague,68.8,maintain,75,108.7,NA,NA,NA,NA,NA,NA,NA,NA,NA
Mon,2024-09-23,Prague,69.3,maintain,75,110,NA,NA,NA,NA,NA,NA,NA,NA,NA
Tue,2024-09-24,Prague,69,maintain,75.2,109.2,NA,NA,NA,NA,NA,NA,NA,NA,NA
Wed,2024-09-25,Prague,69.7,maintain,75.4,108.5,NA,NA,NA,NA,NA,NA,NA,NA,NA
Thu,2024-09-26,Prague,68.6,maintain,74.4,109.3,NA,NA,NA,NA,NA,NA,NA,NA,NA
Fri,2024-09-27,Prague,68.3,maintain,74.2,108.3,NA,NA,NA,NA,NA,NA,NA,NA,NA
Sat,2024-09-28,Prague,68.3,maintain,74.5,108.3,NA,NA,NA,NA,NA,NA,NA,NA,NA
Sun,2024-09-29,Prague,68.2,maintain,75,109.9,NA,NA,NA,NA,NA,NA,NA,NA,NA
Mon,2024-09-30,Prague,68.1,maintain,74.1,108.7,NA,52.3,NA,52.7,NA,NA,NA,NA,NA
Tue,2024-10-01,Prague,67.8,maintain,74.5,109.3,NA,NA,NA,NA,NA,NA,NA,NA,NA
Wed,2024-10-02,Prague,67.9,maintain,74.7,108.7,NA,NA,NA,NA,NA,NA,NA,NA,NA
Thu,2024-10-03,Prague,68.1,bulk,74,108.8,NA,NA,NA,NA,NA,NA,NA,NA,NA
Fri,2024-10-04,Prague,67.6,bulk,74.2,108.8,NA,NA,NA,NA,NA,NA,NA,NA,NA
Sat,2024-10-05,Prague,67.7,bulk,74.4,108.9,34.3,51.5,36.4,51.5,35.7,35.7,28.3,34.8,28.3
Sun,2024-10-06,Prague,67.7,bulk,74.2,108.9,NA,NA,NA,NA,NA,NA,NA,NA,NA
Mon,2024-10-07,Prague,67.8,bulk,74.5,108.8,NA,NA,NA,NA,NA,NA,NA,NA,NA
Tue,2024-10-08,Prague,68.1,bulk,74.5,109.4,NA,NA,NA,NA,NA,NA,NA,NA,NA
Wed,2024-10-09,Prague,68.6,bulk,75,109.3,NA,NA,NA,NA,NA,NA,NA,NA,NA
Thu,2024-10-10,Prague,69,bulk,74.8,109,NA,NA,NA,NA,NA,NA,NA,NA,NA
Fri,2024-10-11,Prague,68.3,bulk,74.5,110.1,NA,NA,NA,NA,NA,NA,NA,NA,NA
Sat,2024-10-12,Prague,68.3,bulk,NA,NA,NA,NA,NA,NA,NA,NA,NA,NA,NA
Sun,2024-10-13,Prague,67.9,bulk,74.5,109.3,NA,NA,NA,NA,NA,NA,NA,NA,NA
Mon,2024-10-14,Prague,68.2,bulk,74.8,109.4,NA,NA,NA,NA,NA,NA,NA,NA,NA
Tue,2024-10-15,Prague,68.6,bulk,75.1,109.8,NA,NA,NA,NA,NA,NA,NA,NA,NA
Wed,2024-10-16,Prague,68.5,bulk,74.6,109.8,NA,NA,NA,NA,NA,NA,NA,NA,NA
Thu,2024-10-17,Prague,66.9,bulk,73.5,109.8,NA,NA,NA,NA,NA,NA,NA,NA,NA
Fri,2024-10-18,Moravicany,67.3,bulk,NA,NA,NA,NA,NA,NA,NA,NA,NA,NA,NA
Sat,2024-10-19,Jestrabi,68.3,bulk,74.5,108.8,NA,NA,NA,NA,NA,NA,NA,NA,NA
Sun,2024-10-20,Jestrabi,68.8,bulk,74.3,109.2,NA,NA,NA,NA,NA,NA,NA,NA,NA
Mon,2024-10-21,Jestrabi,69,bulk,74.5,108.7,NA,NA,NA,NA,NA,NA,NA,NA,NA
Tue,2024-10-22,Jestrabi,69.1,bulk,74.5,109.3,NA,NA,NA,NA,NA,NA,NA,NA,NA
Wed,2024-10-23,Prague,68.7,bulk,74.5,109.6,NA,NA,NA,NA,NA,NA,NA,NA,NA
Thu,2024-10-24,Prague,68.3,bulk,75.5,110.2,NA,NA,NA,NA,NA,NA,NA,NA,NA
Fri,2024-10-25,Prague,68.5,bulk,75.1,109.4,33.5,NA,NA,NA,NA,NA,NA,NA,NA
Sat,2024-10-26,Prague,68.7,bulk,74.4,109.9,NA,NA,NA,NA,NA,NA,NA,NA,NA
Sun,2024-10-27,Prague,69.1,bulk,74.6,109.8,NA,NA,NA,NA,NA,NA,NA,NA,NA
Mon,2024-10-28,Prague,68.6,bulk,74.8,110.2,NA,NA,NA,NA,NA,NA,NA,NA,NA
Tue,2024-10-29,Prague,68.7,bulk,75.8,110.2,34.3,NA,NA,NA,NA,NA,NA,NA,NA
Wed,2024-10-30,Prague,68.8,bulk,75.2,110.2,33.8,NA,NA,NA,NA,NA,NA,NA,NA
Thu,2024-10-31,Prague,68.3,bulk,74.3,109.8,NA,NA,NA,NA,NA,NA,NA,NA,NA
Fri,2024-11-01,Prague,68.4,bulk,74.3,109.7,34.4,NA,NA,NA,NA,NA,NA,NA,NA
Sat,2024-11-02,Prague,68.2,bulk,73.8,109.8,34,NA,NA,NA,NA,NA,NA,NA,NA
Sun,2024-11-03,Prague,68.6,bulk,74.8,109.7,33.8,NA,NA,NA,NA,NA,NA,NA,NA
Mon,2024-11-04,Prague,68.8,bulk,75.1,110,33.7,51.6,35.9,51.7,35.7,35.8,28.3,35.2,28.5
Tue,2024-11-05,Prague,68.5,bulk,75,110.2,33.7,NA,NA,NA,NA,NA,NA,NA,NA
Wed,2024-11-06,Prague,68.8,bulk,74.9,110.1,34,NA,NA,NA,NA,NA,NA,NA,NA
Thu,2024-11-07,Prague,68.6,bulk,75,110.3,34.3,NA,NA,NA,NA,NA,NA,NA,NA
Fri,2024-11-08,Prague,68.2,bulk,74.3,110.3,33.9,NA,NA,NA,NA,NA,NA,NA,NA
Sat,2024-11-09,Prague,68.3,bulk,73.8,110,33.5,51.5,36,51.6,35.8,35.7,28.3,35.3,28.5
Sun,2024-11-10,Prague,68.4,bulk,74.1,110.1,34.2,NA,NA,NA,NA,NA,NA,NA,NA
Mon,2024-11-11,Prague,68.4,bulk,73.6,110,34,NA,NA,NA,NA,NA,NA,NA,NA
Tue,2024-11-12,Prague,68.8,bulk,74.7,110,34,NA,NA,NA,NA,NA,NA,NA,NA
Wed,2024-11-13,Prague,69.2,bulk,76,110.5,33.9,NA,NA,NA,NA,NA,NA,NA,NA
Thu,2024-11-14,Prague,70,bulk,76,109.7,34.3,NA,NA,NA,NA,NA,NA,NA,NA
Fri,2024-11-15,Prague,69,bulk,74.9,110.3,34,NA,NA,NA,NA,NA,NA,NA,NA
Sat,2024-11-16,Moravicany,NA,bulk,NA,NA,NA,NA,NA,NA,NA,NA,NA,NA,NA
Sun,2024-11-17,Moravicany,NA,bulk,NA,NA,NA,NA,NA,NA,NA,NA,NA,NA,NA
Mon,2024-11-18,Jestrabi,69.3,bulk,73.5,109.9,34.1,NA,NA,NA,NA,NA,NA,NA,NA
Tue,2024-11-19,Jestrabi,69.4,bulk,73.8,109.8,34.3,NA,NA,NA,NA,NA,NA,NA,NA
Wed,2024-11-20,Jestrabi,69.4,bulk,73.8,109.9,34.2,NA,NA,NA,NA,NA,NA,NA,NA
Thu,2024-11-21,Moravicany,NA,bulk,NA,NA,NA,NA,NA,NA,NA,NA,NA,NA,NA
Fri,2024-11-22,Moravicany,NA,bulk,NA,NA,NA,NA,NA,NA,NA,NA,NA,NA,NA
Sat,2024-11-23,Jestrabi,69.9,bulk,73.5,109.8,33.8,NA,NA,NA,NA,NA,NA,NA,NA
Sun,2024-11-24,Jestrabi,70.1,bulk,74.3,110.1,33.7,51.6,35.7,51.6,35.6,35.4,28.4,35.1,28.4
Mon,2024-11-25,Jestrabi,69.9,bulk,75.1,109.8,33.9,NA,NA,NA,NA,NA,NA,NA,NA
Tue,2024-11-26,Jestrabi,69.7,bulk,74.5,110.2,34,NA,NA,NA,NA,NA,NA,NA,NA
Wed,2024-11-27,Jestrabi,69.8,bulk,74.5,110.2,33.8,NA,NA,NA,NA,NA,NA,NA,NA
Thu,2024-11-28,Prague,69.9,bulk,74.9,110.8,34.1,NA,NA,NA,NA,NA,NA,NA,NA
Fri,2024-11-29,Prague,69.2,bulk,75.4,110.2,34.5,NA,NA,NA,NA,NA,NA,NA,NA
Sat,2024-11-30,Prague,70.6,bulk,76.1,110.4,34.8,NA,NA,NA,NA,NA,NA,NA,NA
Sun,2024-12-01,Prague,NA,bulk,NA,NA,NA,NA,NA,NA,NA,NA,NA,NA,NA
Mon,2024-12-02,Prague,69.9,bulk,75.3,109.7,34.2,NA,NA,NA,NA,NA,NA,NA,NA
Tue,2024-12-03,Prague,68.6,bulk,74.5,110.2,34.2,NA,NA,NA,NA,NA,NA,NA,NA
Wed,2024-12-04,Prague,69.5,bulk,75.6,110.2,34.2,NA,NA,NA,NA,NA,NA,NA,NA
Thu,2024-12-05,Prague,69.4,bulk,75.2,111.1,34.2,NA,NA,NA,NA,NA,NA,NA,NA
Fri,2024-12-06,Prague,68.8,bulk,74.2,109.5,34,NA,NA,NA,NA,NA,NA,NA,NA
Sat,2024-12-07,Prague,70,bulk,74.5,109.6,34.6,51.6,NA,51.8,NA,NA,NA,NA,NA
Sun,2024-12-08,Prague,69.9,bulk,74.3,110.2,34.2,NA,NA,NA,NA,NA,NA,NA,NA
Mon,2024-12-09,Prague,69.5,bulk,75,110.5,34.2,NA,NA,NA,NA,NA,NA,NA,NA
Tue,2024-12-10,Prague,69.1,bulk,74.5,110.4,34.3,NA,NA,NA,NA,NA,NA,NA,NA
Wed,2024-12-11,Prague,69.4,bulk,74.6,111,34.5,NA,NA,NA,NA,35.6,NA,35.2,NA
Thu,2024-12-12,Prague,69.5,bulk,74.6,110.7,34.1,NA,NA,NA,NA,NA,NA,NA,NA
Fri,2024-12-13,Prague,69.1,bulk,74.2,110.3,34.3,NA,NA,NA,NA,NA,NA,NA,NA
Sat,2024-12-14,Jestrabi,70,bulk,74.5,110.5,34.2,NA,NA,NA,NA,NA,NA,NA,NA
Sun,2024-12-15,Jestrabi,69.7,bulk,74.4,110.2,33.9,NA,NA,NA,NA,NA,NA,NA,NA
Mon,2024-12-16,Prague,70,bulk,74.1,110.3,34.5,NA,NA,NA,NA,NA,NA,NA,NA
Tue,2024-12-17,Prague,70.1,bulk,75.5,110.7,34.5,NA,NA,NA,NA,NA,NA,NA,NA
Wed,2024-12-18,Prague,70.1,bulk,75.5,110.2,34.4,NA,NA,NA,NA,NA,NA,NA,NA
Thu,2024-12-19,Prague,71.1,bulk,75.7,110.3,35,NA,NA,NA,NA,NA,NA,NA,NA
Fri,2024-12-20,Prague,70.7,bulk,75.8,109.3,34.3,NA,NA,NA,NA,NA,NA,NA,NA
Sat,2024-12-21,Prague,69.9,bulk,74.6,110.4,34.1,51.5,36.4,51.8,36.1,36.2,28.7,35.5,28.8
Sun,2024-12-22,Prague,69.4,bulk,75.2,110.2,34,51.5,36.2,51.6,36.2,36.3,28.5,35.5,28.6
Mon,2024-12-23,Prague,69.3,bulk,74.8,110.5,34.5,51.7,36,51.9,36,35.9,28.7,35.6,28.8
Tue,2024-12-24,Prague,70,bulk,74.5,110.2,34,51.9,36.2,52,36.2,36.3,28.5,35.4,28.7
Wed,2024-12-25,Prague,70.4,bulk,75.5,110.8,34.7,NA,NA,NA,NA,NA,NA,NA,NA
Thu,2024-12-26,Moravicany,70.3,bulk,NA,NA,NA,NA,NA,NA,NA,NA,NA,NA,NA
Fri,2024-12-27,Moravicany,70.9,bulk,NA,NA,NA,NA,NA,NA,NA,NA,NA,NA,NA
Sat,2024-12-28,Jestrabi,71.2,bulk,75.6,110.3,34.3,NA,NA,NA,NA,NA,NA,NA,NA
Sun,2024-12-29,Jestrabi,71.5,bulk,75.6,111.3,33.9,NA,NA,NA,NA,NA,NA,NA,NA
Mon,2024-12-30,Jestrabi,71.5,bulk,75.7,111.2,33.9,52.1,36.5,52.2,36,36,28.9,35.6,28.9
Tue,2024-12-31,Jestrabi,71.5,bulk,75.5,111.7,34.5,NA,NA,NA,NA,NA,NA,NA,NA
Wed,2025-01-01,Moravicany,71.3,bulk,NA,NA,NA,NA,NA,NA,NA,NA,NA,NA,NA
Thu,2025-01-02,Moravicany,71.4,bulk,NA,NA,NA,NA,NA,NA,NA,NA,NA,NA,NA
Fri,2025-01-03,Prague,71.3,bulk,75.6,110.7,34.5,NA,NA,NA,NA,NA,NA,NA,NA
Sat,2025-01-04,Prague,71.4,bulk,75.5,111.5,35.2,53.1,36.5,52.8,36.3,36.3,28.7,35.8,29
Sun,2025-01-05,Prague,71.2,bulk,75,110.8,34.5,52.5,36.7,52.8,36.4,36.4,28.9,35.8,29
Mon,2025-01-06,Prague,70,bulk,74.6,110.6,34.7,52.5,36.2,52.5,36.2,36.3,28.9,35.6,29
Tue,2025-01-07,Prague,69.9,bulk,74.7,110.5,34.7,NA,NA,NA,NA,NA,NA,NA,NA
Wed,2025-01-08,Prague,70.4,bulk,74.8,110.7,34.5,NA,NA,NA,NA,NA,NA,NA,NA
Thu,2025-01-09,Prague,70.8,bulk,75.5,110.5,34.6,NA,NA,NA,NA,NA,NA,NA,NA